[Licensing::Module] Trying to connect to existing licensing client channel...
Built from '6000.4/staging' branch; Version is '6000.4.9f1 (f7258d6eebbe) revision 16197005'; Using compiler version '194234433'; Build Type 'Release'
OS: 'Windows 11  (10.0.26200) Core' Language: 'ko' Physical Memory: 32627 MB
[Licensing::IpcConnector] Channel LicenseClient-dev doesn't exist
BatchMode: 1, IsHumanControllingUs: 0, StartBugReporterOnCrash: 0, Is64bit: 1
System  architecture: x64
Process architecture: x64
Date: 2026-08-23T10:40:43Z
[Licensing::Module] Successfully launched the LicensingClient (PId: 59128)

COMMAND LINE ARGUMENTS:
C:\Program Files\Unity\Hub\Editor\6000.4.9f1\Editor\Unity.exe
-batchmode
-nographics
-quit
-projectPath
C:\Users\dev\.codex\worktrees\2266\신규 개발 본부
-executeMethod
KimSurvival.EditorTools.PrototypeProjectBuilder.BuildWindows
-logFile
C:\Users\dev\.codex\worktrees\2266\신규 개발 본부\Artifacts\Verification\wave12-five-day-compact-a-86b6db8\unity-windows-build.log
Successfully changed project path to: C:\Users\dev\.codex\worktrees\2266\신규 개발 본부
C:/Users/dev/.codex/worktrees/2266/신규 개발 본부
[UnityMemory] Configuration Parameters - Can be set up in boot.config
    "memorysetup-temp-allocator-size-gi-baking-worker=262144"
    "memorysetup-temp-allocator-size-gi-baking-worker=262144"
    "memorysetup-temp-allocator-size-gi-baking-worker=262144"
    "memorysetup-temp-allocator-size-gi-baking-worker=262144"
    "memorysetup-temp-allocator-size-gi-baking-worker=262144"
    "memorysetup-temp-allocator-size-nav-mesh-worker=65536"
    "memorysetup-temp-allocator-size-audio-worker=65536"
    "memorysetup-temp-allocator-size-cloud-worker=32768"
    "memorysetup-temp-allocator-size-gfx=262144"
    "memorysetup-temp-allocator-size-preload-manager=33554432"
    "memorysetup-temp-allocator-size-job-worker=262144"
    "memorysetup-temp-allocator-size-background-worker=32768"
    "memorysetup-allocator-temp-initial-block-size-main=262144"
    "memorysetup-allocator-temp-initial-block-size-worker=262144"
    "memorysetup-bucket-allocator-granularity=16"
    "memorysetup-bucket-allocator-bucket-count=8"
    "memorysetup-bucket-allocator-block-size=33554432"
    "memorysetup-bucket-allocator-block-count=8"
    "memorysetup-main-allocator-block-size=16777216"
    "memorysetup-thread-allocator-block-size=16777216"
    "memorysetup-gfx-main-allocator-block-size=16777216"
    "memorysetup-gfx-thread-allocator-block-size=16777216"
    "memorysetup-cache-allocator-block-size=4194304"
    "memorysetup-typetree-allocator-block-size=2097152"
    "memorysetup-profiler-bucket-allocator-granularity=16"
    "memorysetup-profiler-bucket-allocator-bucket-count=8"
    "memorysetup-profiler-bucket-allocator-block-size=33554432"
    "memorysetup-profiler-bucket-allocator-block-count=8"
    "memorysetup-profiler-allocator-block-size=16777216"
    "memorysetup-profiler-editor-allocator-block-size=1048576"
    "memorysetup-temp-allocator-size-main=16777216"
    "memorysetup-job-temp-allocator-block-size=2097152"
    "memorysetup-job-temp-allocator-block-size-background=1048576"
    "memorysetup-job-temp-allocator-reduction-small-platforms=262144"
Player connection [49040]  Target information:

Player connection [49040]  * "[IP] 192.168.0.5 [Port] 55504 [Flags] 2 [Guid] 322561451 [EditorId] 322561451 [Version] 1048832 [Id] WindowsEditor(7,DESKTOP-H711UR9) [Debug] 1 [PackageName] WindowsEditor [ProjectName] Editor" 

Player connection [49040]  * "[IP] 172.27.80.1 [Port] 55504 [Flags] 2 [Guid] 322561451 [EditorId] 322561451 [Version] 1048832 [Id] WindowsEditor(7,DESKTOP-H711UR9) [Debug] 1 [PackageName] WindowsEditor [ProjectName] Editor" 

Player connection [49040] Host joined multi-casting on [225.0.0.222:54997]...
Player connection [49040] Host joined alternative multi-casting on [225.0.0.222:34997]...
Input System module state changed to: Initialized.
[Physics::Module] Initialized fallback backend.
[Physics::Module] Id: 0xdecafbad
[Package Manager] Connected to IPC stream "Upm-42280" after 0.2 seconds.
[Licensing::Module] Licensing is not yet initialized.
[Licensing::IpcConnector] Successfully connected to: "LicenseClient-dev" at "2026-08-23T10:40:43.8637855Z"
[Licensing::Client] Code 10 while verifying Licensing Client signature (process Id: 59128, path: "C:/Program Files/Unity/Hub/Editor/6000.4.9f1/Editor/Data/Resources/Licensing/Client/Unity.Licensing.Client.exe")
[Licensing::Module] LicensingClient has failed validation; ignoring
[Licensing::Client] Handshaking with LicensingClient:
  Version:                 1.18.1+9fbee8e
  Session Id:              3f25eac37abb4df494cfd5508ffd36ac
  Correlation Id:          765c3e206683b738fa29e3aa94828592
  External correlation Id: 5065203036233908670
  Machine Id:              mSOBTnAarU5uXMmmUI7HDbfqLE8=
[Licensing::Module] Successfully connected to LicensingClient on channel: "LicenseClient-dev" (connect: 0.37s, validation: 0.06s, handshake: 0.02s)
[Licensing::IpcConnector] Successfully connected to: "LicenseClient-dev-notifications" at "2026-08-23T10:40:43.9432982Z"
[Licensing::Module] Connected to LicensingClient (PId: 59128, launch time: 0.00, total connection time: 0.45s)
[Licensing::Module] Error: Access token is unavailable; failed to update
[Licensing::Client] Successfully resolved entitlement details
[Licensing::Module] License group:
  Id: 14569761163154-UnityPersXXXX
  Product: Unity Personal
  Type: Assigned
  Expiration: Unlimited
[Licensing::Client] Successfully updated license, isAsync: True, time: 0.01
[Licensing::Client] Successfully resolved entitlement details
[Licensing::Module] Licensing Background thread has ended after 0.48s
[Licensing::Module] Licensing is initialized (took 0.14s).
[Licensing::Client] Successfully resolved entitlement details
Library Redirect Path: Library/
[Physics::Module] Selected backend.
[Physics::Module] Name: PhysX
[Physics::Module] Id: 0xf2b8ea05
[Physics::Module] SDK Version: 4.1.2
[Physics::Module] Integration Version: 1.0.0
[Physics::Module] Threading Mode: Multi-Threaded
Initialize engine version: 6000.4.9f1 (f7258d6eebbe)
[Subsystems] Discovering subsystems at path C:/Program Files/Unity/Hub/Editor/6000.4.9f1/Editor/Data/Resources/UnitySubsystems
[Subsystems] Discovering subsystems at path C:/Users/dev/.codex/worktrees/2266/신규 개발 본부/Assets
Forcing GfxDevice: Null
GfxDevice: creating device client; kGfxThreadingModeNonThreaded
NullGfxDevice:
    Version:  NULL 1.0 [1.0]
    Renderer: Null Device
    Vendor:   Unity Technologies
Initialize mono
Mono path[0] = 'C:/Program Files/Unity/Hub/Editor/6000.4.9f1/Editor/Data/Managed'
Mono path[1] = 'C:/Program Files/Unity/Hub/Editor/6000.4.9f1/Editor/Data/MonoBleedingEdge/lib/mono/unityjit-win32'
Mono config path = 'C:/Program Files/Unity/Hub/Editor/6000.4.9f1/Editor/Data/MonoBleedingEdge/etc'
Using monoOptions --debugger-agent=transport=dt_socket,embedding=1,server=y,suspend=n,address=127.0.0.1:56280
CodeReloadManager initialized
Using cacheserver namespaces - metadata:defaultmetadata, artifacts:defaultartifacts
Using cacheserver namespaces - metadata:defaultmetadata, artifacts:defaultartifacts
ImportWorker Server TCP listen port: 0
AcceleratorClientConnectionCallback - disconnected - :0
Begin MonoManager ReloadAssembly
Registering precompiled unity dll's ...
Register platform support module: C:/Program Files/Unity/Hub/Editor/6000.4.9f1/Editor/Data/PlaybackEngines/WebGLSupport/UnityEditor.WebGL.Extensions.dll
Register platform support module: C:/Program Files/Unity/Hub/Editor/6000.4.9f1/Editor/Data/PlaybackEngines/WindowsStandaloneSupport/UnityEditor.WindowsStandalone.Extensions.dll
[Licensing::Client] Successfully resolved entitlement details
Register platform support module: C:/Program Files/Unity/Hub/Editor/6000.4.9f1/Editor/Data/PlaybackEngines/AndroidPlayer/UnityEditor.Android.Extensions.dll
[Licensing::Client] Successfully resolved entitlement details
Register platform support module: C:/Program Files/Unity/Hub/Editor/6000.4.9f1/Editor/Data/PlaybackEngines/iOSSupport/UnityEditor.iOS.Extensions.dll
Registered in 0.009159 seconds.
Native extension for iOS target not found
Native extension for Android target not found
Native extension for WindowsStandalone target not found
Native extension for WebGL target not found
Package Manager log level set to [2]
ScheduleIndexationOnStartup MainProcess:False IndexOnStartup:True
Mono: successfully reloaded assembly
- Finished resetting the current domain, in  0.318 seconds
Domain Reload Profiling: 691ms
	BeginReloadAssembly (112ms)
		CreateAndSetChildDomain (16ms)
	RebuildCommonClasses (32ms)
	RebuildNativeTypeToScriptingClass (9ms)
	initialDomainReloadingComplete (55ms)
	LoadAllAssembliesAndSetupDomain (164ms)
		LoadAssemblies (96ms)
		AnalyzeDomain (157ms)
			TypeCache.Refresh (155ms)
				TypeCache.ScanAssembly (145ms)
	FinalizeReload (318ms)
		SetupLoadedEditorAssemblies (0ms)
			InitializePlatformSupportModulesInManaged (49ms)
			BeforeProcessingInitializeOnLoad (66ms)
			ProcessInitializeOnLoadAttributes (85ms)
			ProcessInitializeOnLoadMethodAttributes (68ms)
[Licensing::Client] Successfully resolved entitlement details
Application.AssetDatabase Initial Refresh Start
[Package Manager] Restoring resolved packages state from cache
[Licensing::Client] Successfully resolved entitlement details
[Package Manager] Registered 45 packages:
  Packages from [https://packages.unity.com]:
    com.unity.localization@1.5.12 (location: C:\Users\dev\.codex\worktrees\2266\신규 개발 본부\Library\PackageCache\com.unity.localization@b0a588a05f2a)
    com.unity.addressables@2.9.1 (location: C:\Users\dev\.codex\worktrees\2266\신규 개발 본부\Library\PackageCache\com.unity.addressables@8460f1c9c927)
    com.unity.nuget.newtonsoft-json@3.2.2 (location: C:\Users\dev\.codex\worktrees\2266\신규 개발 본부\Library\PackageCache\com.unity.nuget.newtonsoft-json@4dfd81071c64)
    com.unity.profiling.core@1.0.3 (location: C:\Users\dev\.codex\worktrees\2266\신규 개발 본부\Library\PackageCache\com.unity.profiling.core@8a49f7027d06)
    com.unity.scriptablebuildpipeline@2.6.1 (location: C:\Users\dev\.codex\worktrees\2266\신규 개발 본부\Library\PackageCache\com.unity.scriptablebuildpipeline@36e3b5898ee2)
  Built-in packages:
    com.unity.multiplayer.center@1.0.1 (location: C:\Users\dev\.codex\worktrees\2266\신규 개발 본부\Library\PackageCache\com.unity.multiplayer.center@f01f4ba8d00a)
    com.unity.ugui@2.0.0 (location: C:\Users\dev\.codex\worktrees\2266\신규 개발 본부\Library\PackageCache\com.unity.ugui@1f2d1ab0d950)
    com.unity.modules.accessibility@1.0.0 (location: C:\Users\dev\.codex\worktrees\2266\신규 개발 본부\Library\PackageCache\com.unity.modules.accessibility)
    com.unity.modules.adaptiveperformance@1.0.0 (location: C:\Users\dev\.codex\worktrees\2266\신규 개발 본부\Library\PackageCache\com.unity.modules.adaptiveperformance)
    com.unity.modules.ai@1.0.0 (location: C:\Users\dev\.codex\worktrees\2266\신규 개발 본부\Library\PackageCache\com.unity.modules.ai)
    com.unity.modules.androidjni@1.0.0 (location: C:\Users\dev\.codex\worktrees\2266\신규 개발 본부\Library\PackageCache\com.unity.modules.androidjni)
    com.unity.modules.animation@1.0.0 (location: C:\Users\dev\.codex\worktrees\2266\신규 개발 본부\Library\PackageCache\com.unity.modules.animation)
    com.unity.modules.assetbundle@1.0.0 (location: C:\Users\dev\.codex\worktrees\2266\신규 개발 본부\Library\PackageCache\com.unity.modules.assetbundle)
    com.unity.modules.audio@1.0.0 (location: C:\Users\dev\.codex\worktrees\2266\신규 개발 본부\Library\PackageCache\com.unity.modules.audio)
    com.unity.modules.cloth@1.0.0 (location: C:\Users\dev\.codex\worktrees\2266\신규 개발 본부\Library\PackageCache\com.unity.modules.cloth)
    com.unity.modules.director@1.0.0 (location: C:\Users\dev\.codex\worktrees\2266\신규 개발 본부\Library\PackageCache\com.unity.modules.director)
    com.unity.modules.imageconversion@1.0.0 (location: C:\Users\dev\.codex\worktrees\2266\신규 개발 본부\Library\PackageCache\com.unity.modules.imageconversion)
    com.unity.modules.imgui@1.0.0 (location: C:\Users\dev\.codex\worktrees\2266\신규 개발 본부\Library\PackageCache\com.unity.modules.imgui)
    com.unity.modules.jsonserialize@1.0.0 (location: C:\Users\dev\.codex\worktrees\2266\신규 개발 본부\Library\PackageCache\com.unity.modules.jsonserialize)
    com.unity.modules.particlesystem@1.0.0 (location: C:\Users\dev\.codex\worktrees\2266\신규 개발 본부\Library\PackageCache\com.unity.modules.particlesystem)
    com.unity.modules.physics@1.0.0 (location: C:\Users\dev\.codex\worktrees\2266\신규 개발 본부\Library\PackageCache\com.unity.modules.physics)
    com.unity.modules.physics2d@1.0.0 (location: C:\Users\dev\.codex\worktrees\2266\신규 개발 본부\Library\PackageCache\com.unity.modules.physics2d)
    com.unity.modules.screencapture@1.0.0 (location: C:\Users\dev\.codex\worktrees\2266\신규 개발 본부\Library\PackageCache\com.unity.modules.screencapture)
    com.unity.modules.terrain@1.0.0 (location: C:\Users\dev\.codex\worktrees\2266\신규 개발 본부\Library\PackageCache\com.unity.modules.terrain)
    com.unity.modules.terrainphysics@1.0.0 (location: C:\Users\dev\.codex\worktrees\2266\신규 개발 본부\Library\PackageCache\com.unity.modules.terrainphysics)
    com.unity.modules.tilemap@1.0.0 (location: C:\Users\dev\.codex\worktrees\2266\신규 개발 본부\Library\PackageCache\com.unity.modules.tilemap)
    com.unity.modules.ui@1.0.0 (location: C:\Users\dev\.codex\worktrees\2266\신규 개발 본부\Library\PackageCache\com.unity.modules.ui)
    com.unity.modules.uielements@1.0.0 (location: C:\Users\dev\.codex\worktrees\2266\신규 개발 본부\Library\PackageCache\com.unity.modules.uielements)
    com.unity.modules.umbra@1.0.0 (location: C:\Users\dev\.codex\worktrees\2266\신규 개발 본부\Library\PackageCache\com.unity.modules.umbra)
    com.unity.modules.unityanalytics@1.0.0 (location: C:\Users\dev\.codex\worktrees\2266\신규 개발 본부\Library\PackageCache\com.unity.modules.unityanalytics)
    com.unity.modules.unitywebrequest@1.0.0 (location: C:\Users\dev\.codex\worktrees\2266\신규 개발 본부\Library\PackageCache\com.unity.modules.unitywebrequest)
    com.unity.modules.unitywebrequestassetbundle@1.0.0 (location: C:\Users\dev\.codex\worktrees\2266\신규 개발 본부\Library\PackageCache\com.unity.modules.unitywebrequestassetbundle)
    com.unity.modules.unitywebrequestaudio@1.0.0 (location: C:\Users\dev\.codex\worktrees\2266\신규 개발 본부\Library\PackageCache\com.unity.modules.unitywebrequestaudio)
    com.unity.modules.unitywebrequesttexture@1.0.0 (location: C:\Users\dev\.codex\worktrees\2266\신규 개발 본부\Library\PackageCache\com.unity.modules.unitywebrequesttexture)
    com.unity.modules.unitywebrequestwww@1.0.0 (location: C:\Users\dev\.codex\worktrees\2266\신규 개발 본부\Library\PackageCache\com.unity.modules.unitywebrequestwww)
    com.unity.modules.vectorgraphics@1.0.0 (location: C:\Users\dev\.codex\worktrees\2266\신규 개발 본부\Library\PackageCache\com.unity.modules.vectorgraphics)
    com.unity.modules.vehicles@1.0.0 (location: C:\Users\dev\.codex\worktrees\2266\신규 개발 본부\Library\PackageCache\com.unity.modules.vehicles)
    com.unity.modules.video@1.0.0 (location: C:\Users\dev\.codex\worktrees\2266\신규 개발 본부\Library\PackageCache\com.unity.modules.video)
    com.unity.modules.vr@1.0.0 (location: C:\Users\dev\.codex\worktrees\2266\신규 개발 본부\Library\PackageCache\com.unity.modules.vr)
    com.unity.modules.wind@1.0.0 (location: C:\Users\dev\.codex\worktrees\2266\신규 개발 본부\Library\PackageCache\com.unity.modules.wind)
    com.unity.modules.xr@1.0.0 (location: C:\Users\dev\.codex\worktrees\2266\신규 개발 본부\Library\PackageCache\com.unity.modules.xr)
    com.unity.modules.subsystems@1.0.0 (location: C:\Users\dev\.codex\worktrees\2266\신규 개발 본부\Library\PackageCache\com.unity.modules.subsystems)
    com.unity.modules.hierarchycore@1.0.0 (location: C:\Users\dev\.codex\worktrees\2266\신규 개발 본부\Library\PackageCache\com.unity.modules.hierarchycore)
    com.unity.test-framework@1.6.0 (location: C:\Users\dev\.codex\worktrees\2266\신규 개발 본부\Library\PackageCache\com.unity.test-framework@76560ee600cb)
    com.unity.ext.nunit@2.0.5 (location: C:\Users\dev\.codex\worktrees\2266\신규 개발 본부\Library\PackageCache\com.unity.ext.nunit@d8c07649098d)
[Subsystems] No new subsystems found in resolved package list.
[Package Manager] Done registering packages in 0.01 seconds
Starting: C:\Program Files\Unity\Hub\Editor\6000.4.9f1\Editor\Data\Tools\BuildPipeline\bee_backend.exe --ipc --defer-dag-verification --dagfile="Library/Bee/1900b0aE.dag" --continue-on-failure --profile="Library/Bee/backend1.traceevents" ScriptAssemblies
WorkingDir: C:/Users/dev/.codex/worktrees/2266/신규 개발 본부
DisplayProgressbar: Compiling Scripts
ExitCode: 0 Duration: 0s104ms
*** Tundra build success (0.08 seconds), 0 items updated, 364 evaluated
AssetDatabase: script compilation time: 0.406496s
Begin MonoManager ReloadAssembly
Total cache size 95072613
Total cache size after purge 95072613, took 00:00:00.0378335
Assembly Assembly-CSharp-Editor-firstpass.dll at Library/ScriptAssemblies/Assembly-CSharp-Editor-firstpass.dll not valid. Loading of assembly skipped.
Assembly Assembly-CSharp-firstpass.dll at Library/ScriptAssemblies/Assembly-CSharp-firstpass.dll not valid. Loading of assembly skipped.
Assembly TestNewCustomAssembly.dll at Library/ScriptAssemblies/TestNewCustomAssembly.dll not valid. Loading of assembly skipped.
Assembly Unity.Addressables.Editor.Tests.dll at Library/ScriptAssemblies/Unity.Addressables.Editor.Tests.dll not valid. Loading of assembly skipped.
Assembly Unity.Addressables.Runtime.Tests.dll at Library/ScriptAssemblies/Unity.Addressables.Runtime.Tests.dll not valid. Loading of assembly skipped.
Assembly Unity.Localization.DocCodeSamples.dll at Library/ScriptAssemblies/Unity.Localization.DocCodeSamples.dll not valid. Loading of assembly skipped.
Assembly Unity.Multiplayer.Center.Editor.Tests.dll at Library/ScriptAssemblies/Unity.Multiplayer.Center.Editor.Tests.dll not valid. Loading of assembly skipped.
Assembly Unity.Multiplayer.Center.Tests.dll at Library/ScriptAssemblies/Unity.Multiplayer.Center.Tests.dll not valid. Loading of assembly skipped.
Assembly Unity.ResourceManager.Tests.dll at Library/ScriptAssemblies/Unity.ResourceManager.Tests.dll not valid. Loading of assembly skipped.
Assembly Unity.ScriptableBuildPipeline.Editor.Tests.dll at Library/ScriptAssemblies/Unity.ScriptableBuildPipeline.Editor.Tests.dll not valid. Loading of assembly skipped.
Assembly Unity.ScriptableBuildPipeline.Tests.dll at Library/ScriptAssemblies/Unity.ScriptableBuildPipeline.Tests.dll not valid. Loading of assembly skipped.
Assembly Unity.ScriptableBuildPipelineTests.Runtime.Tests.dll at Library/ScriptAssemblies/Unity.ScriptableBuildPipelineTests.Runtime.Tests.dll not valid. Loading of assembly skipped.
Assembly Unity.TextMeshPro.Editor.Tests.dll at Library/ScriptAssemblies/Unity.TextMeshPro.Editor.Tests.dll not valid. Loading of assembly skipped.
Assembly Unity.TextMeshPro.Tests.dll at Library/ScriptAssemblies/Unity.TextMeshPro.Tests.dll not valid. Loading of assembly skipped.
Assembly UnityEditor.UI.Common.Tests.dll at Library/ScriptAssemblies/UnityEditor.UI.Common.Tests.dll not valid. Loading of assembly skipped.
Assembly UnityEditor.UI.EditorTests.dll at Library/ScriptAssemblies/UnityEditor.UI.EditorTests.dll not valid. Loading of assembly skipped.
Assembly UnityEngine.UI.Tests.dll at Library/ScriptAssemblies/UnityEngine.UI.Tests.dll not valid. Loading of assembly skipped.
Native extension for iOS target not found
Native extension for Android target not found
Native extension for WindowsStandalone target not found
Native extension for WebGL target not found
ScheduleIndexationOnStartup MainProcess:True IndexOnStartup:True
Mono: successfully reloaded assembly
- Finished resetting the current domain, in  0.412 seconds
Domain Reload Profiling: 846ms
	BeginReloadAssembly (170ms)
		DisableScriptedObjects (21ms)
		CreateAndSetChildDomain (38ms)
	RebuildCommonClasses (29ms)
	RebuildNativeTypeToScriptingClass (10ms)
	initialDomainReloadingComplete (36ms)
	LoadAllAssembliesAndSetupDomain (189ms)
		LoadAssemblies (196ms)
		AnalyzeDomain (70ms)
			TypeCache.Refresh (53ms)
				TypeCache.ScanAssembly (43ms)
			BuildScriptInfoCaches (13ms)
	FinalizeReload (412ms)
		SetupLoadedEditorAssemblies (0ms)
			InitializePlatformSupportModulesInManaged (33ms)
			BeforeProcessingInitializeOnLoad (103ms)
			ProcessInitializeOnLoadAttributes (106ms)
			ProcessInitializeOnLoadMethodAttributes (47ms)
			AfterProcessingInitializeOnLoad (4ms)
		AwakeInstancesAfterBackupRestoration (17ms)
(Values over 0.050ms)
Asset Pipeline Refresh (id=eb6a69e75ec031d4e91c8440e02811fc): Total: 1.510 seconds - Initiated by InitialRefreshV2(ForceSynchronousImport)
	Summary:
		Imports: total=0 (actual=0, local cache=0, cache server=0)
		Asset DB Process Time: managed=0 ms, native=621 ms
		Asset DB Callback time: managed=15 ms, native=12 ms
		Scripting: domain reloads=1, domain reload time=436 ms, compile time=408 ms, other=15 ms
		Project Asset Count: scripts=529, non-scripts=1163
		Asset File Changes: new=0, changed=0, moved=0, deleted=0
		Scan Filter Count: 0
	InvokePackagesCallback: 14.129ms
	ApplyChangesToAssetFolders: 0.505ms
	Scan: 94.630ms
	CategorizeScriptCompilationAssets: 9.342ms
	ProcessAssetsWithTransientArtifactChanges: 18.043ms
	CategorizeAssets: 11.686ms
	CompileScripts: 408.027ms
	ImportOutOfDateAssets: 415.017ms (413.429ms without children)
		UnloadImportedAssets: 1.115ms
		EnsureUptoDateAssetsAreRegisteredWithGuidPM: 0.176ms
		OnDemandSchedulerStart: 0.266ms
	PostProcessAllAssets: 15.294ms
		MonoPostProcessAllAssets: 15.244ms
			WindowAssetPostprocessingWatcher.OnPostprocessAllAssets 5.722ms
			SyncVS.PostprocessSyncProject 0.876ms
			SpeedTree9Postprocessor.OnPostprocessAllAssets 0.598ms
			ReferencedClipsPostProcessor.OnPostprocessAllAssets 0.266ms
			TerrainToolbarOverlayPostProcessor.OnPostprocessAllAssets 0.163ms
			AssetDatabaseCallbacks.OnPostprocessAllAssets 0.124ms
			RenderPipelineGlobalSettingsPostprocessor.OnPostprocessAllAssets 0.061ms
	UnloadStreamsBegin: 1.142ms
	GenerateScriptTypeHashes: 2.508ms
	GenerateScriptTypeSerializationHashes: 5.813ms
	Untracked: 518.100ms

Application.AssetDatabase Initial Refresh End
Scanning for USB devices : 1.659ms
Initializing Unity extensions:
[MODES] ModeService[none].Initialize
[MODES] ModeService[none].LoadModes
[MODES] Loading mode Default (0) for mode-current-id-김씨 생존기: 무인도
Unloading 4 Unused Serialized files (Serialized files now loaded: 0)
Unloading 1929 unused Assets / (1.5 MB). Loaded Objects now: 2609.
Memory consumption went from 112.0 MB to 110.5 MB.
Total: 4.743400 ms (FindLiveObjects: 0.165400 ms CreateObjectMapping: 0.079200 ms MarkObjects: 3.865700 ms  DeleteObjects: 0.631400 ms)

Start importing ProjectSettings/EditorBuildSettings.asset using Guid(0000000000000000b000000000000000) (LibraryAssetImporter) -> (Import Result ID: '27025b8c241693f039c9608f581ee84a') in 0.0045078 seconds [static dependencies only]. Details - ImportResultOutputID=d777934f36c664454d62eda103573334 DependenciesID=f2fb815c2e0e3a44cdfbae3bceb8ce2e StaticDependenciesID=8a23241a6202d48e61c8fc4797a982eb 
Start importing Assets/_Project/Scripts/Localization/Tables/Prototype Strings.asset using Guid(2030e4d7d1b852a47a6694c24edd68fa) (NativeFormatImporter) -> (Import Result ID: '1c94ce67c0eb2986ebcfb1fd7b368c24') in 0.0011913 seconds [static dependencies only]. Details - ImportResultOutputID=8f714bf6d577cba748f4d8ca9524e184 DependenciesID=dad768ef867a88b0582d5c22a95dde10 StaticDependenciesID=c43ede241f7ea550c4422b6cbb3df8c7 
Start importing Assets/_Project/Scripts/Localization/Tables/Prototype Strings_ko.asset using Guid(50ac78983dcf37b4cbca3f5e1081d75a) (NativeFormatImporter) -> (Import Result ID: '1bfced30c27efc05de70767e37ba6c7c') in 0.0011761 seconds [static dependencies only]. Details - ImportResultOutputID=ff516d26cd6acc9d9fd5e43b54ca9dcc DependenciesID=cc5b436ab09f0f7a9b7328b0c9f60e18 StaticDependenciesID=fb6a3904b800de1158361ba102184bdc 
Start importing Assets/_Project/Scripts/Localization/Locales/Korean (ko).asset using Guid(32a7527f01f2e1f439c0bf6984e10803) (NativeFormatImporter) -> (Import Result ID: '3469e86f070b2d0db5156a27e8895833') in 0.0010015 seconds [static dependencies only]. Details - ImportResultOutputID=54d360784f6ddb6fcf13681575fad57f DependenciesID=3fd2294db5dc82e17ce2a5ee0ad004b8 StaticDependenciesID=94613e3cc300bc26439d3afc07f77c90 
Start importing Assets/_Project/Scripts/Localization/Locales/English (en).asset using Guid(236508575959d004b9b63bd87c164a4d) (NativeFormatImporter) -> (Import Result ID: 'ee574483cbb245657e35c27ab1605bb8') in 0.0013188 seconds [static dependencies only]. Details - ImportResultOutputID=9b2d1ce701e8623e6ed657c56201105c DependenciesID=4f7c8cbd4ee8314ef29ae6bda9cd2bbe StaticDependenciesID=1b14c9d473b28a21c43714bf457051d0 
Start importing Assets/_Project/Scripts/Localization/Tables/Prototype Strings_en.asset using Guid(56c0c296c5594b14fad34bc18072b74c) (NativeFormatImporter) -> (Import Result ID: '4bedaeaec6d86ef2ec849805f547a463') in 0.0011232 seconds [static dependencies only]. Details - ImportResultOutputID=9e9375ec7cd0062ce2edbf7b6a94c8d8 DependenciesID=1caf1ef713c87be487d15231ce7af5df StaticDependenciesID=de3ef7ce75741d54b20086b4cda076ff 
Start importing Assets/_Project/Scripts/Localization/Tables/Prototype Strings Shared Data.asset using Guid(b7940e419db960640a46f666a136b29c) (NativeFormatImporter) -> (Import Result ID: '7d670f470b6ed5f0bc80b1658cf54e1e') in 0.001602 seconds [static dependencies only]. Details - ImportResultOutputID=1ab9ebab4718977045d7e2f1c5a7f17b DependenciesID=09198ec6ba60918d57220fc92560960c StaticDependenciesID=614b46d1807432bdc3b373c97ec884c3 
Start importing Assets/_Project/Scripts/Localization/PrototypeLocalizationSettings.asset using Guid(690a17c04ca11624db005121aa65558a) (NativeFormatImporter) -> (Import Result ID: 'f626ecbbc3b23ed18ec5d037dcee0ef2') in 0.0011582 seconds [static dependencies only]. Details - ImportResultOutputID=f3d8034497baf4563c36d9aed306ac95 DependenciesID=0a578440e5b2ae40fdbaed19a880d6b2 StaticDependenciesID=524a66e19dd9174d5245762042b2c534 
Start importing Assets/_Project/Scripts/Localization/Resources/PrototypeLocaleFontProfile.asset using Guid(5b42876e15a99064c8f19eb322ec0a73) (NativeFormatImporter) -> (Import Result ID: '8a734bf57b6e222ad40e919dddd8dafc') in 0.0010597 seconds [static dependencies only]. Details - ImportResultOutputID=50c47e46a63422563db9ccfc036da1bd DependenciesID=199916b13cc42e34ae1247e9c7682743 StaticDependenciesID=0567edcf3ff35486c4c430538fd44d7b 
Start importing Assets/_Project/Scripts/Localization/Locales/Pseudo Long (qps-long).asset using Guid(db7cb9a17063a8249b68e48985abbb1a) (NativeFormatImporter) -> (Import Result ID: '8321349c91e4ae5e0a89d2010a682735') in 0.0011108 seconds [static dependencies only]. Details - ImportResultOutputID=f74409401674bb20af0ac56647d813a7 DependenciesID=4ac19d6f623345e9a431317b4a8b3137 StaticDependenciesID=da201b045f26299d77b68317b9facb49 
Start importing Assets/_Project/Scripts/Localization/Tables/Prototype Strings_qps-long.asset using Guid(8eeb9ed4d5121144081b64d13e11ac13) (NativeFormatImporter) -> (Import Result ID: '545730c75e56176196f679c4e64ac783') in 0.0011632 seconds [static dependencies only]. Details - ImportResultOutputID=01edca830b003fd4f8e6627f577aca01 DependenciesID=ff0a70e8aba628861301837743298afe StaticDependenciesID=3e9db419f036f0ef5992008709ff8209 
Asset Pipeline Refresh (id=55e85e5fd383bbe4e9da11ce2c797aa7): Total: 0.093 seconds - Initiated by StopAssetImportingV2(NoUpdateAssetOptions)
Asset Pipeline Refresh (id=0afc6ef6eb801b14188efe3a78ea9a40): Total: 0.007 seconds - Initiated by RefreshV2(NoUpdateAssetOptions)
[Kim Survival Localization] Synced player ko/en plus non-shipping qps-long String Tables, Korean fallback, and locale font profile.
UnityEngine.Debug:ExtractStackTraceNoAlloc (byte*,int,string)
UnityEngine.StackTraceUtility:ExtractStackTrace ()
UnityEngine.DebugLogHandler:Internal_Log (UnityEngine.LogType,UnityEngine.LogOption,string,UnityEngine.Object)
UnityEngine.DebugLogHandler:LogFormat (UnityEngine.LogType,UnityEngine.Object,string,object[])
UnityEngine.Logger:Log (UnityEngine.LogType,object)
UnityEngine.Debug:Log (object)
KimSurvival.EditorTools.PrototypeLocalizationAssetBuilder:SyncAssets () (at Assets/_Project/Scripts/Editor/PrototypeLocalizationAssetBuilder.cs:75)
KimSurvival.EditorTools.PrototypeProjectBuilder:BuildWindows () (at Assets/_Project/Scripts/Editor/PrototypeProjectBuilder.cs:914)

(Filename: Assets/_Project/Scripts/Editor/PrototypeLocalizationAssetBuilder.cs Line: 75)

Start importing Assets/_Project/Scripts/Localization/Resources/Wave12CompactPromptSkin.asset using Guid(ace97df1c0ebe6f469630b1120dbf402) (NativeFormatImporter) -> (Import Result ID: 'b88bd1a2b70c85ce95c20cc71dc0b18d') in 0.0012277 seconds [static dependencies only]. Details - ImportResultOutputID=643d73da3471c2049bbcfa31caeb2e95 DependenciesID=e4f9f3b0ce46b41b8ef624f3bd2dd562 StaticDependenciesID=246445361996c812d8ee846ba528a0fe 
Asset Pipeline Refresh (id=6b4741400e90a734a91f1375f48823c7): Total: 0.010 seconds - Initiated by StopAssetImportingV2(NoUpdateAssetOptions)
DisplayProgressbar: Processing Addressable Group
DisplayProgressbar: Switch To Build Platform
DisplayProgressbar: Rebuild Sprite Atlas Cache
DisplayProgressbar: Build Player Scripts
[ScriptCompilation] Requested script compilation because: Recompiling all scripts before compiling player scripts because Auto Refresh is disabled.
Starting: C:\Program Files\Unity\Hub\Editor\6000.4.9f1\Editor\Data\Tools\BuildPipeline\bee_backend.exe --ipc --defer-dag-verification --dagfile="Library/Bee/1900b0aE.dag" --continue-on-failure --profile="Library/Bee/backend1.traceevents" ScriptAssemblies
WorkingDir: C:/Users/dev/.codex/worktrees/2266/신규 개발 본부
DisplayProgressbar: Compiling Scripts
ExitCode: 0 Duration: 0s77ms
*** Tundra build success (0.06 seconds), 0 items updated, 364 evaluated
[ScriptCompilation] Requested script compilation because: Compiling scripts for player
Total cache size 95072613
Total cache size after purge 95072613, took 00:00:00.0402112
Starting: C:\Program Files\Unity\Hub\Editor\6000.4.9f1\Editor\Data\Tools\BuildPipeline\bee_backend.exe --ipc --defer-dag-verification --dagfile="Library/Bee/1900b0aP.dag" --continue-on-failure --profile="Library/Bee/backend1.traceevents" ScriptAssembliesAndTypeDB
WorkingDir: C:/Users/dev/.codex/worktrees/2266/신규 개발 본부
ExitCode: 4 Duration: 1s338ms
[156/181    0s] CopyFiles Library/PlayerScriptAssemblies/UnityEngine.UI.pdb
[157/181    0s] CopyFiles Library/PlayerScriptAssemblies/Unity.Multiplayer.Center.Common.dll
[158/181    0s] CopyFiles Library/PlayerScriptAssemblies/Unity.Profiling.Core.dll
[159/181    0s] CopyFiles Library/PlayerScriptAssemblies/Unity.Multiplayer.Center.Common.pdb
[160/181    0s] CopyFiles Library/PlayerScriptAssemblies/Unity.Profiling.Core.pdb
[161/181    0s] CopyFiles Library/PlayerScriptAssemblies/UnityEngine.UI.dll
[162/181    0s] CopyFiles Library/PlayerScriptAssemblies/Unity.InternalAPIEngineBridge.013.dll
[163/181    0s] CopyFiles Library/PlayerScriptAssemblies/Unity.InternalAPIEngineBridge.004.dll
[164/181    0s] CopyFiles Library/PlayerScriptAssemblies/Unity.ScriptableBuildPipeline.pdb
[165/181    0s] CopyFiles Library/PlayerScriptAssemblies/Unity.InternalAPIEngineBridge.004.pdb
[166/181    0s] CopyFiles Library/PlayerScriptAssemblies/Unity.ScriptableBuildPipeline.dll
[167/181    0s] CopyFiles Library/PlayerScriptAssemblies/Unity.ResourceManager.dll
[168/181    0s] CopyFiles Library/PlayerScriptAssemblies/Unity.InternalAPIEngineBridge.013.pdb
[169/181    0s] CopyFiles Library/PlayerScriptAssemblies/Unity.TextMeshPro.dll
[170/181    0s] CopyFiles Library/PlayerScriptAssemblies/Unity.ResourceManager.pdb
[171/181    0s] CopyFiles Library/PlayerScriptAssemblies/Unity.Localization.pdb
[172/181    0s] CopyFiles Library/PlayerScriptAssemblies/Unity.Addressables.pdb
[173/181    0s] CopyFiles Library/PlayerScriptAssemblies/Unity.TextMeshPro.pdb
[174/181    0s] CopyFiles Library/PlayerScriptAssemblies/Unity.Addressables.dll
[175/181    0s] CopyFiles Library/PlayerScriptAssemblies/Unity.Localization.dll
Rebuilding DAG because FileSignature timestamp changed: Library/Bee/1900b0aP-inputdata.json
*** Tundra requires additional run (1.32 seconds), 21 items updated, 175 evaluated
Starting: C:\Program Files\Unity\Hub\Editor\6000.4.9f1\Editor\Data\netcorerun\netcorerun.exe "C:\Program Files\Unity\Hub\Editor\6000.4.9f1\Editor\Data\Tools\BuildPipeline\ScriptCompilationBuildProgram.exe" "Library/Bee/1900b0aP.dag.json" "Library/Bee/1900b0aP-inputdata.json" "Library\Bee\buildprogram0.traceevents"
WorkingDir: C:/Users/dev/.codex/worktrees/2266/신규 개발 본부
ExitCode: 0 Duration: 0s210ms
Starting: C:\Program Files\Unity\Hub\Editor\6000.4.9f1\Editor\Data\Tools\BuildPipeline\bee_backend.exe --ipc --defer-dag-verification --dagfile="Library/Bee/1900b0aP.dag" --continue-on-failure --dagfilejson="Library\Bee\1900b0aP.dag.json" --profile="Library/Bee/backend2.traceevents" ScriptAssembliesAndTypeDB
WorkingDir: C:/Users/dev/.codex/worktrees/2266/신규 개발 본부
ExitCode: 0 Duration: 1s874ms
Finished compiling graph: 182 nodes, 1437 flattened edges (1323 ToBuild, 22 ToUse), maximum node priority 100
[125/181    0s] WriteText Library/Bee/artifacts/1900b0aP.dag/Assembly-CSharp.rsp
[176/181    0s] Csc Library/Bee/artifacts/1900b0aP.dag/Assembly-CSharp.dll (+2 others)
[177/181    0s] CopyFiles Library/PlayerScriptAssemblies/Assembly-CSharp.pdb
[178/181    0s] CopyFiles Library/PlayerScriptAssemblies/Assembly-CSharp.dll
[180/181    0s] BuildPlayerDataGenerator Library/BuildPlayerData/Player/RuntimeInitializeOnLoads.json (+1 other)
*** Tundra build success (1.86 seconds), 5 items updated, 181 evaluated
Total cache size 95072613
Total cache size after purge 95072613, took 00:00:00.0499386
Starting: C:\Program Files\Unity\Hub\Editor\6000.4.9f1\Editor\Data\Tools\BuildPipeline\bee_backend.exe --ipc --defer-dag-verification --dagfile="Library/Bee/1900b0aE.dag" --continue-on-failure --profile="Library/Bee/backend1.traceevents" ScriptAssembliesAndTypeDB
WorkingDir: C:/Users/dev/.codex/worktrees/2266/신규 개발 본부
ExitCode: 0 Duration: 0s407ms
[365/366    0s] BuildPlayerDataGenerator Library/BuildPlayerData/Editor/TypeDb-All.json
*** Tundra build success (0.39 seconds), 1 items updated, 366 evaluated
DisplayProgressbar: Post Scripts Callback
DisplayProgressbar: Calculate Scene Dependency Data
DisplayProgressbar: Calculate Asset Dependency Data
Total cache size 95072613
Total cache size after purge 95072613, took 00:00:00.0379387
DisplayProgressbar: Add Hash To Bundle Name Task
DisplayProgressbar: Strip Unused Sprite Sources
DisplayProgressbar: Create Built In Bundle
DisplayProgressbar: Create Mono Script Bundle
DisplayProgressbar: Post Dependency Callback
DisplayProgressbar: Generate Bundle Packing
DisplayProgressbar: Update Bundle Object Layout
DisplayProgressbar: Generate Bundle Commands
DisplayProgressbar: Generate Sub Asset Path Maps
DisplayProgressbar: Generate Bundle Maps
DisplayProgressbar: Post Packing Callback
DisplayProgressbar: Write Serialized Files
DisplayProgressbar: Archive And Compress Bundles
DisplayProgressbar: Generate Location Lists Task
DisplayProgressbar: Post Writing Callback
DisplayProgressbar: Extract Data Task
Unloading 12 Unused Serialized files (Serialized files now loaded: 0)
Unloading 23 unused Assets / (9.9 KB). Loaded Objects now: 2625.
Memory consumption went from 112.3 MB to 112.3 MB.
Total: 4.286000 ms (FindLiveObjects: 0.089200 ms CreateObjectMapping: 0.028800 ms MarkObjects: 4.120300 ms  DeleteObjects: 0.047100 ms)

DisplayProgressbar: Post Processing AssetBundles
DisplayProgressbar: Post Processing Catalog Entries
Addressable content successfully built (duration : 0:00:04.575)
UnityEngine.Debug:ExtractStackTraceNoAlloc (byte*,int,string)
UnityEngine.StackTraceUtility:ExtractStackTrace ()
UnityEngine.DebugLogHandler:Internal_Log (UnityEngine.LogType,UnityEngine.LogOption,string,UnityEngine.Object)
UnityEngine.DebugLogHandler:LogFormat (UnityEngine.LogType,UnityEngine.Object,string,object[])
UnityEngine.Logger:Log (UnityEngine.LogType,object)
UnityEngine.Debug:Log (object)
UnityEditor.AddressableAssets.Settings.AddressableAssetSettings:BuildPlayerContentImpl (UnityEditor.AddressableAssets.Build.AddressablesDataBuilderInput,bool) (at ./Library/PackageCache/com.unity.addressables@8460f1c9c927/Editor/Settings/AddressableAssetSettings.cs:3138)
UnityEditor.AddressableAssets.Settings.AddressableAssetSettings:BuildPlayerContent (UnityEditor.AddressableAssets.Build.AddressablesPlayerBuildResult&,UnityEditor.AddressableAssets.Build.AddressablesDataBuilderInput) (at ./Library/PackageCache/com.unity.addressables@8460f1c9c927/Editor/Settings/AddressableAssetSettings.cs:3040)
UnityEditor.AddressableAssets.GUI.AddressableAssetsSettingsGroupEditor:BuildAddressablesWithResult (UnityEditor.AddressableAssets.GUI.AddressableAssetsSettingsGroupEditor/BuildMenuContext,UnityEditor.AddressableAssets.Build.AddressablesDataBuilderInput) (at ./Library/PackageCache/com.unity.addressables@8460f1c9c927/Editor/GUI/AddressableAssetsSettingsGroupEditor.cs:580)
AddressablesPlayerBuildProcessor:DefaultBuild (UnityEditor.AddressableAssets.Settings.AddressableAssetSettings,UnityEditor.Build.BuildPlayerContext) (at ./Library/PackageCache/com.unity.addressables@8460f1c9c927/Editor/Build/AddressablesPlayerBuildProcessor.cs:147)
AddressablesPlayerBuildProcessor:PrepareForPlayerbuild (UnityEditor.AddressableAssets.Settings.AddressableAssetSettings,UnityEditor.Build.BuildPlayerContext,bool) (at ./Library/PackageCache/com.unity.addressables@8460f1c9c927/Editor/Build/AddressablesPlayerBuildProcessor.cs:100)
AddressablesPlayerBuildProcessor:PrepareForBuild (UnityEditor.Build.BuildPlayerContext) (at ./Library/PackageCache/com.unity.addressables@8460f1c9c927/Editor/Build/AddressablesPlayerBuildProcessor.cs:79)
UnityEditor.Build.BuildPipelineInterfaces:PreparePlayerBuild (UnityEditor.Build.BuildPlayerContext)
UnityEditor.BuildPipeline:PreparePlayerBuild (UnityEditor.BuildPlayerOptions)
UnityEditor.BuildPipeline:BuildPlayerInternal (string[],string,string,UnityEditor.BuildTargetGroup,UnityEditor.BuildTarget,int,UnityEditor.BuildOptions,string[],bool)
UnityEditor.BuildPipeline:BuildPlayer (UnityEditor.BuildPlayerOptions)
KimSurvival.EditorTools.PrototypeProjectBuilder:BuildWindows () (at Assets/_Project/Scripts/Editor/PrototypeProjectBuilder.cs:931)

(Filename: ./Library/PackageCache/com.unity.addressables@8460f1c9c927/Editor/Settings/AddressableAssetSettings.cs Line: 3138)

Start importing Assets/AddressableAssetsData/Windows/addressables_content_state.bin using Guid(9dff08b196e855449989b3b8882505cf) (DefaultImporter) -> (Import Result ID: 'd5e55ee35bd7e2e67c02782d98bce35c') in 0.0131915 seconds [static dependencies only]. Details - ImportResultOutputID=9bf8a5858db4d105230e1c4adc7aed3b DependenciesID=0f9d468b8e86381c02f666471c91d828 StaticDependenciesID=bcc4bfb574a0e2f7b7de922c572894a5 
Asset Pipeline Refresh (id=3afbdebfa6f8fe14da521946d7c8ff1a): Total: 0.035 seconds - Initiated by RefreshV2(NoUpdateAssetOptions)
Start importing Assets/AddressableAssetsData/link.xml using Guid(6caf3c45effd5624db07536a16396091) (TextScriptImporter) -> (Import Result ID: '6cdf54b83d2937a67ccf964c3efdf019') in 0.0214552 seconds [static dependencies only]. Details - ImportResultOutputID=2c9c67f4d0a79089e6eb51bb8e86deda DependenciesID=b8e58d21b342b1e57c2865624932f24f StaticDependenciesID=d248bd34ee907797c5909eb679aa79d9 
Asset Pipeline Refresh (id=6ecee65d10b096845a5a3fa14d4951e2): Total: 0.033 seconds - Initiated by StopAssetImportingV2(NoUpdateAssetOptions)
Launched and connected shader compiler UnityShaderCompiler.exe after 0.01 seconds
Starting: C:\Program Files\Unity\Hub\Editor\6000.4.9f1\Editor\Data\Tools\BuildPipeline\bee_backend.exe --ipc --defer-dag-verification --dagfile="Library/Bee/1900b0aESkipCompile.dag" --continue-on-failure --profile="Library/Bee/backend1.traceevents" ScriptAssembliesAndTypeDB
WorkingDir: C:/Users/dev/.codex/worktrees/2266/신규 개발 본부
DisplayProgressbar: Compiling Scripts
ExitCode: 0 Duration: 0s32ms
*** Tundra build success (0.01 seconds), 0 items updated, 3 evaluated
Asset Pipeline Refresh (id=d91e561a22c692b478643af2bee3abb5): Total: 0.006 seconds - Initiated by RefreshV2(NoUpdateAssetOptions)
[ScriptCompilation] Requested script compilation because: Recompiling scripts for player build.
BuildPlayer: start building target 19
Total cache size 95072613
Total cache size after purge 95072613, took 00:00:00.0336732
Starting: C:\Program Files\Unity\Hub\Editor\6000.4.9f1\Editor\Data\Tools\BuildPipeline\bee_backend.exe --ipc --defer-dag-verification --dagfile="Library/Bee/1900b0aPDevDbg.dag" --continue-on-failure --profile="Library/Bee/backend1.traceevents" ScriptAssembliesAndTypeDB
WorkingDir: C:/Users/dev/.codex/worktrees/2266/신규 개발 본부
Starting: C:\Program Files\Unity\Hub\Editor\6000.4.9f1\Editor\Data\netcorerun\netcorerun.exe "C:\Program Files\Unity\Hub\Editor\6000.4.9f1\Editor\Data\Tools\BuildPipeline\ScriptCompilationBuildProgram.exe" "Library/Bee/1900b0aPDevDbg.dag.json" "Library/Bee/1900b0aPDevDbg-inputdata.json" "Library\Bee\buildprogram0.traceevents"
WorkingDir: C:/Users/dev/.codex/worktrees/2266/신규 개발 본부
ExitCode: 4 Duration: 0s492ms
[156/181    0s] CopyFiles Library/Bee/PlayerScriptAssemblies/Unity.ScriptableBuildPipeline.dll
[157/181    0s] CopyFiles Library/Bee/PlayerScriptAssemblies/Unity.ScriptableBuildPipeline.pdb
[158/181    0s] CopyFiles Library/Bee/PlayerScriptAssemblies/UnityEngine.UI.dll
[159/181    0s] CopyFiles Library/Bee/PlayerScriptAssemblies/Unity.Profiling.Core.dll
[160/181    0s] CopyFiles Library/Bee/PlayerScriptAssemblies/Unity.Profiling.Core.pdb
[161/181    0s] CopyFiles Library/Bee/PlayerScriptAssemblies/Unity.InternalAPIEngineBridge.004.dll
[162/181    0s] CopyFiles Library/Bee/PlayerScriptAssemblies/Unity.InternalAPIEngineBridge.004.pdb
[163/181    0s] CopyFiles Library/Bee/PlayerScriptAssemblies/Unity.Multiplayer.Center.Common.dll
[164/181    0s] CopyFiles Library/Bee/PlayerScriptAssemblies/Unity.InternalAPIEngineBridge.013.dll
[165/181    0s] CopyFiles Library/Bee/PlayerScriptAssemblies/UnityEngine.UI.pdb
[166/181    0s] CopyFiles Library/Bee/PlayerScriptAssemblies/Unity.Multiplayer.Center.Common.pdb
[167/181    0s] CopyFiles Library/Bee/PlayerScriptAssemblies/Unity.InternalAPIEngineBridge.013.pdb
[168/181    0s] CopyFiles Library/Bee/PlayerScriptAssemblies/Unity.ResourceManager.pdb
[169/181    0s] CopyFiles Library/Bee/PlayerScriptAssemblies/Unity.TextMeshPro.dll
[170/181    0s] CopyFiles Library/Bee/PlayerScriptAssemblies/Unity.ResourceManager.dll
[171/181    0s] CopyFiles Library/Bee/PlayerScriptAssemblies/Unity.Addressables.dll
[172/181    0s] CopyFiles Library/Bee/PlayerScriptAssemblies/Unity.Addressables.pdb
[173/181    0s] CopyFiles Library/Bee/PlayerScriptAssemblies/Unity.TextMeshPro.pdb
[174/181    0s] CopyFiles Library/Bee/PlayerScriptAssemblies/Unity.Localization.dll
[175/181    0s] CopyFiles Library/Bee/PlayerScriptAssemblies/Unity.Localization.pdb
Rebuilding DAG because FileSignature timestamp changed: Library/Bee/1900b0aPDevDbg-inputdata.json
*** Tundra requires additional run (0.48 seconds), 21 items updated, 175 evaluated
ExitCode: 0 Duration: 0s212ms
Starting: C:\Program Files\Unity\Hub\Editor\6000.4.9f1\Editor\Data\Tools\BuildPipeline\bee_backend.exe --ipc --defer-dag-verification --dagfile="Library/Bee/1900b0aPDevDbg.dag" --continue-on-failure --dagfilejson="Library\Bee\1900b0aPDevDbg.dag.json" --profile="Library/Bee/backend2.traceevents" ScriptAssembliesAndTypeDB
WorkingDir: C:/Users/dev/.codex/worktrees/2266/신규 개발 본부
ExitCode: 0 Duration: 2s231ms
Finished compiling graph: 182 nodes, 1437 flattened edges (1323 ToBuild, 22 ToUse), maximum node priority 100
[125/181    0s] WriteText Library/Bee/artifacts/1900b0aPDevDbg.dag/Assembly-CSharp.rsp
[176/181    1s] Csc Library/Bee/artifacts/1900b0aPDevDbg.dag/Assembly-CSharp.dll (+2 others)
[177/181    0s] CopyFiles Library/Bee/PlayerScriptAssemblies/Assembly-CSharp.pdb
[178/181    0s] CopyFiles Library/Bee/PlayerScriptAssemblies/Assembly-CSharp.dll
[180/181    0s] BuildPlayerDataGenerator Library/BuildPlayerData/Player/RuntimeInitializeOnLoads.json (+1 other)
*** Tundra build success (2.21 seconds), 5 items updated, 181 evaluated
Total cache size 95072613
Total cache size after purge 95072613, took 00:00:00.0316617
Rebuilding Data files because Assets/_Project/Scripts/Localization/Resources/PrototypeLocaleFontProfile.asset is dirty (hash)


Mono dependencies included in the build
Dependency assembly - System.IO.MemoryMappedFiles.dll
Dependency assembly - System.Runtime.Loader.dll
Dependency assembly - System.Runtime.CompilerServices.VisualC.dll
Dependency assembly - System.Threading.dll
Dependency assembly - Microsoft.CSharp.dll
Dependency assembly - System.DirectoryServices.Protocols.dll
Dependency assembly - System.Net.Ping.dll
Dependency assembly - Unity.InternalAPIEngineBridge.013.dll
Dependency assembly - Unity.InternalAPIEngineBridge.004.dll
Dependency assembly - System.Resources.ResourceManager.dll
Dependency assembly - System.Data.OracleClient.dll
Dependency assembly - IBM.Data.DB2.dll
Dependency assembly - System.ValueTuple.dll
Dependency assembly - System.Console.dll
Dependency assembly - System.Runtime.InteropServices.dll
Dependency assembly - System.Xml.XPath.XmlDocument.dll
Dependency assembly - System.ServiceModel.Security.dll
Dependency assembly - System.IO.Pipes.dll
Dependency assembly - System.Data.DataSetExtensions.dll
Dependency assembly - System.Threading.Thread.dll
Dependency assembly - System.Data.dll
Dependency assembly - System.Reactive.Providers.dll
Dependency assembly - System.Xml.Xsl.Primitives.dll
Dependency assembly - Mono.Posix.dll
Dependency assembly - System.Linq.dll
Dependency assembly - System.Runtime.InteropServices.RuntimeInformation.dll
Dependency assembly - I18N.Rare.dll
Dependency assembly - System.Data.Services.dll
Dependency assembly - System.Runtime.Numerics.dll
Dependency assembly - Microsoft.VisualC.dll
Dependency assembly - System.Net.AuthenticationManager.dll
Dependency assembly - System.Memory.dll
Dependency assembly - System.Security.Cryptography.ProtectedData.dll
Dependency assembly - System.Web.DynamicData.dll
Dependency assembly - System.Transactions.dll
Dependency assembly - System.IO.dll
Dependency assembly - System.ObjectModel.dll
Dependency assembly - System.Web.RegularExpressions.dll
Dependency assembly - System.Security.Cryptography.Cng.dll
Dependency assembly - System.ServiceProcess.dll
Dependency assembly - Unity.Localization.dll
Dependency assembly - System.Collections.dll
Dependency assembly - Unity.Addressables.dll
Dependency assembly - System.Reflection.Emit.dll
Dependency assembly - mscorlib.dll
Dependency assembly - System.Security.Claims.dll
Dependency assembly - System.Data.SqlClient.dll
Dependency assembly - Mono.Parallel.dll
Dependency assembly - Mono.Management.dll
Dependency assembly - System.dll
Dependency assembly - System.Data.Services.Client.dll
Dependency assembly - System.Web.WebPages.Deployment.dll
Dependency assembly - System.Web.Mvc.dll
Dependency assembly - System.Dynamic.Runtime.dll
Dependency assembly - System.Xml.dll
Dependency assembly - Assembly-CSharp.dll
Dependency assembly - System.ServiceModel.Discovery.dll
Dependency assembly - System.IO.Compression.ZipFile.dll
Dependency assembly - System.Xml.XmlDocument.dll
Dependency assembly - Mono.CSharp.dll
Dependency assembly - Mono.Cairo.dll
Dependency assembly - Mono.Data.Sqlite.dll
Dependency assembly - System.IO.FileSystem.Primitives.dll
Dependency assembly - System.Collections.NonGeneric.dll
Dependency assembly - System.IO.UnmanagedMemoryStream.dll
Dependency assembly - System.Runtime.InteropServices.WindowsRuntime.dll
Dependency assembly - System.Security.Cryptography.Csp.dll
Dependency assembly - CustomMarshalers.dll
Dependency assembly - System.Security.Principal.Windows.dll
Dependency assembly - System.Net.HttpListener.dll
Dependency assembly - System.Drawing.Primitives.dll
Dependency assembly - I18N.MidEast.dll
Dependency assembly - System.Diagnostics.Contracts.dll
Dependency assembly - I18N.Other.dll
Dependency assembly - System.Threading.Timer.dll
Dependency assembly - I18N.CJK.dll
Dependency assembly - I18N.West.dll
Dependency assembly - Microsoft.Web.Infrastructure.dll
Dependency assembly - System.Threading.Tasks.Parallel.dll
Dependency assembly - System.Reactive.Core.dll
Dependency assembly - System.ServiceProcess.ServiceController.dll
Dependency assembly - System.Net.Requests.dll
Dependency assembly - System.Resources.ReaderWriter.dll
Dependency assembly - WebMatrix.Data.dll
Dependency assembly - Mono.CompilerServices.SymbolWriter.dll
Dependency assembly - System.Workflow.Activities.dll
Dependency assembly - System.ServiceModel.Primitives.dll
Dependency assembly - System.Xml.XDocument.dll
Dependency assembly - System.Security.Cryptography.Algorithms.dll
Dependency assembly - System.Web.Abstractions.dll
Dependency assembly - System.Workflow.Runtime.dll
Dependency assembly - System.ServiceModel.Internals.dll
Dependency assembly - System.Design.dll
Dependency assembly - System.Net.Http.Formatting.dll
Dependency assembly - Microsoft.Win32.Primitives.dll
Dependency assembly - System.Linq.Queryable.dll
Dependency assembly - System.IO.Compression.dll
Dependency assembly - System.Configuration.dll
Dependency assembly - System.Web.Http.dll
Dependency assembly - System.Diagnostics.FileVersionInfo.dll
Dependency assembly - System.Security.Principal.dll
Dependency assembly - System.Web.WebPages.Razor.dll
Dependency assembly - System.Xml.Linq.dll
Dependency assembly - System.Net.NameResolution.dll
Dependency assembly - I18N.dll
Dependency assembly - System.Web.ApplicationServices.dll
Dependency assembly - System.Reflection.Primitives.dll
Dependency assembly - System.Runtime.Serialization.Json.dll
Dependency assembly - System.Security.Cryptography.Pkcs.dll
Dependency assembly - Accessibility.dll
Dependency assembly - RabbitMQ.Client.dll
Dependency assembly - System.Security.Cryptography.X509Certificates.dll
Dependency assembly - System.Security.Cryptography.Encoding.dll
Dependency assembly - System.ComponentModel.Primitives.dll
Dependency assembly - System.Runtime.Serialization.Formatters.dll
Dependency assembly - System.Security.Cryptography.RandomNumberGenerator.dll
Dependency assembly - System.Linq.Parallel.dll
Dependency assembly - System.Net.Http.Rtc.dll
Dependency assembly - System.Net.Security.dll
Dependency assembly - System.Security.AccessControl.dll
Dependency assembly - System.Security.Cryptography.Primitives.dll
Dependency assembly - Unity.ResourceManager.dll
Dependency assembly - Microsoft.Win32.Registry.dll
Dependency assembly - System.Security.Cryptography.Encryption.dll
Dependency assembly - System.Drawing.dll
Dependency assembly - System.Security.Cryptography.DeriveBytes.dll
Dependency assembly - System.Web.Http.SelfHost.dll
Dependency assembly - System.Collections.Specialized.dll
Dependency assembly - System.Reflection.Context.dll
Dependency assembly - System.Runtime.Serialization.Primitives.dll
Dependency assembly - System.Diagnostics.Process.dll
Dependency assembly - System.Security.Cryptography.Encryption.ECDiffieHellman.dll
Dependency assembly - Mono.Security.Win32.dll
Dependency assembly - System.Web.Services.dll
Dependency assembly - System.Data.Common.dll
Dependency assembly - System.Json.dll
Dependency assembly - System.Data.Entity.dll
Dependency assembly - Mono.Tasklets.dll
Dependency assembly - System.ServiceModel.dll
Dependency assembly - System.Core.dll
Dependency assembly - System.Configuration.Install.dll
Dependency assembly - Unity.Profiling.Core.dll
Dependency assembly - System.Diagnostics.Tools.dll
Dependency assembly - System.EnterpriseServices.dll
Dependency assembly - System.IdentityModel.Selectors.dll
Dependency assembly - System.Net.Sockets.dll
Dependency assembly - System.Web.dll
Dependency assembly - System.Diagnostics.Debug.dll
Dependency assembly - System.Net.WebSockets.dll
Dependency assembly - Microsoft.Win32.Registry.AccessControl.dll
Dependency assembly - System.Text.Encoding.dll
Dependency assembly - System.Resources.Reader.dll
Dependency assembly - System.Deployment.dll
Dependency assembly - Mono.WebBrowser.dll
Dependency assembly - System.Runtime.Serialization.Xml.dll
Dependency assembly - System.Windows.Forms.dll
Dependency assembly - System.ComponentModel.TypeConverter.dll
Dependency assembly - System.Net.WebSockets.Client.dll
Dependency assembly - System.ServiceModel.Routing.dll
Dependency assembly - System.Xaml.dll
Dependency assembly - System.Numerics.dll
Dependency assembly - System.Messaging.dll
Dependency assembly - System.Reactive.Interfaces.dll
Dependency assembly - System.Net.Utilities.dll
Dependency assembly - System.Diagnostics.StackTrace.dll
Dependency assembly - System.Reactive.Windows.Threading.dll
Dependency assembly - System.Security.SecureString.dll
Dependency assembly - System.Threading.Tasks.Dataflow.dll
Dependency assembly - System.Dynamic.dll
Dependency assembly - System.Security.Cryptography.Encryption.Aes.dll
Dependency assembly - SMDiagnostics.dll
Dependency assembly - System.ServiceModel.Activation.dll
Dependency assembly - Unity.Multiplayer.Center.Common.dll
Dependency assembly - System.Web.Extensions.Design.dll
Dependency assembly - System.IO.FileSystem.DriveInfo.dll
Dependency assembly - System.ComponentModel.EventBasedAsync.dll
Dependency assembly - PEAPI.dll
Dependency assembly - System.Web.Routing.dll
Dependency assembly - System.Runtime.Serialization.Formatters.Soap.dll
Dependency assembly - System.Text.Encoding.CodePages.dll
Dependency assembly - System.IO.IsolatedStorage.dll
Dependency assembly - System.IO.FileSystem.Watcher.dll
Dependency assembly - System.Linq.Expressions.dll
Dependency assembly - System.Net.NetworkInformation.dll
Dependency assembly - System.Reflection.Emit.Lightweight.dll
Dependency assembly - System.Web.WebPages.dll
Dependency assembly - System.Threading.ThreadPool.dll
Dependency assembly - Microsoft.Build.dll
Dependency assembly - System.Text.Encoding.Extensions.dll
Dependency assembly - System.Threading.Tasks.dll
Dependency assembly - System.Runtime.Serialization.dll
Dependency assembly - System.Reactive.Debugger.dll
Dependency assembly - UnityEngine.UI.dll
Dependency assembly - System.Security.Cryptography.RSA.dll
Dependency assembly - System.ServiceModel.Web.dll
Dependency assembly - System.Security.dll
Dependency assembly - System.Runtime.Caching.dll
Dependency assembly - System.Runtime.Extensions.dll
Dependency assembly - System.Web.Mobile.dll
Dependency assembly - System.Net.WebHeaderCollection.dll
Dependency assembly - Mono.Security.dll
Dependency assembly - System.Numerics.Vectors.dll
Dependency assembly - System.Windows.Forms.DataVisualization.dll
Dependency assembly - Mono.XBuild.Tasks.dll
Dependency assembly - Mono.Profiler.Log.dll
Dependency assembly - System.Reflection.TypeExtensions.dll
Dependency assembly - System.Json.Microsoft.dll
Dependency assembly - System.Net.Mail.dll
Dependency assembly - System.ServiceModel.Duplex.dll
Dependency assembly - System.Security.Cryptography.Encryption.ECDsa.dll
Dependency assembly - System.Runtime.Handles.dll
Dependency assembly - netstandard.dll
Dependency assembly - Unity.ScriptableBuildPipeline.dll
Dependency assembly - Unity.TextMeshPro.dll
Dependency assembly - System.Security.Cryptography.Hashing.Algorithms.dll
Dependency assembly - Mono.Data.Tds.dll
Dependency assembly - System.Runtime.DurableInstancing.dll
Dependency assembly - System.Threading.Overlapped.dll
Dependency assembly - monodoc.dll
Dependency assembly - System.Windows.dll
Dependency assembly - System.Xml.Serialization.dll
Dependency assembly - SystemWebTestShim.dll
Dependency assembly - System.Reflection.Extensions.dll
Dependency assembly - cscompmgd.dll
Dependency assembly - System.Globalization.Calendars.dll
Dependency assembly - System.Net.Cache.dll
Dependency assembly - System.Diagnostics.TraceSource.dll
Dependency assembly - System.Runtime.dll
Dependency assembly - System.Workflow.ComponentModel.dll
Dependency assembly - System.Web.Extensions.dll
Dependency assembly - System.Reactive.Windows.Forms.dll
Dependency assembly - System.Diagnostics.Tracing.dll
Dependency assembly - System.DirectoryServices.dll
Dependency assembly - System.Web.Razor.dll
Dependency assembly - System.Security.Cryptography.OpenSsl.dll
Dependency assembly - Mono.Http.dll
Dependency assembly - System.Reactive.Runtime.Remoting.dll
Dependency assembly - WindowsBase.dll
Dependency assembly - System.Xml.ReaderWriter.dll
Dependency assembly - System.Management.dll
Dependency assembly - System.Security.Cryptography.Hashing.dll
Dependency assembly - System.Data.Linq.dll
Dependency assembly - System.Collections.Concurrent.dll
Dependency assembly - System.ComponentModel.DataAnnotations.dll
Dependency assembly - System.IO.FileSystem.dll
Dependency assembly - System.Net.Http.dll
Dependency assembly - System.Xml.XPath.dll
Dependency assembly - System.Reflection.Emit.ILGeneration.dll
Dependency assembly - System.Net.Primitives.dll
Dependency assembly - System.Xml.XmlSerializer.dll
Dependency assembly - Mono.Messaging.dll
Dependency assembly - System.Resources.Writer.dll
Dependency assembly - Microsoft.Build.Engine.dll
Dependency assembly - ICSharpCode.SharpZipLib.dll
Dependency assembly - System.Reactive.PlatformServices.dll
Dependency assembly - System.Reactive.Experimental.dll
Dependency assembly - System.ComponentModel.Annotations.dll
Dependency assembly - System.Buffers.dll
Dependency assembly - System.Reflection.DispatchProxy.dll
Dependency assembly - Microsoft.Build.Utilities.v4.0.dll
Dependency assembly - System.Drawing.Design.dll
Dependency assembly - System.Diagnostics.TextWriterTraceListener.dll
Dependency assembly - System.IO.Compression.FileSystem.dll
Dependency assembly - System.Threading.AccessControl.dll
Dependency assembly - System.Web.Http.WebHost.dll
Dependency assembly - System.Runtime.Remoting.dll
Dependency assembly - System.Globalization.Extensions.dll
Dependency assembly - Microsoft.Build.Framework.dll
Dependency assembly - System.Diagnostics.TraceEvent.dll
Dependency assembly - System.Net.ServicePoint.dll
Dependency assembly - System.Threading.Tasks.Extensions.dll
Dependency assembly - Mono.Btls.Interface.dll
Dependency assembly - Mono.C5.dll
Dependency assembly - Mono.Options.dll
Dependency assembly - Mono.Messaging.RabbitMQ.dll
Dependency assembly - Novell.Directory.Ldap.dll
Dependency assembly - System.ComponentModel.Composition.dll
Dependency assembly - System.ServiceModel.NetTcp.dll
Dependency assembly - Newtonsoft.Json.dll
Dependency assembly - Commons.Xml.Relaxng.dll
Dependency assembly - System.ServiceModel.Http.dll
Dependency assembly - Mono.Simd.dll
Dependency assembly - Microsoft.Build.Tasks.v4.0.dll
Dependency assembly - System.IO.FileSystem.AccessControl.dll
Dependency assembly - System.Net.Http.WebRequest.dll
Dependency assembly - System.Globalization.dll
Dependency assembly - System.Text.RegularExpressions.dll
Dependency assembly - System.Reflection.dll
Dependency assembly - System.IdentityModel.dll
Dependency assembly - System.Xml.XPath.XDocument.dll
Dependency assembly - System.Reactive.Observable.Aliases.dll
Dependency assembly - System.Reactive.Linq.dll
Dependency assembly - System.ComponentModel.dll
Dependency assembly - System.Net.dll
Dependency assembly - System.AppContext.dll

Opening scene 'Assets/_Project/Scenes/KimSurvivalPrototype.unity'
Unloading 12 Unused Serialized files (Serialized files now loaded: 0)
Loaded scene 'Assets/_Project/Scenes/KimSurvivalPrototype.unity'
	Deserialize:            5.205 ms
	Integration:            4.129 ms
	Integration of assets:  0.218 ms
	Thread Wait Time:       0.013 ms
	Total Operation Time:   9.565 ms
Unloading 31 unused Assets / (0.8 MB). Loaded Objects now: 2650.
Memory consumption went from 118.1 MB to 117.3 MB.
Total: 4.727700 ms (FindLiveObjects: 0.096300 ms CreateObjectMapping: 0.029400 ms MarkObjects: 4.317000 ms  DeleteObjects: 0.284000 ms)

Created GICache directory at C:/Users/dev/AppData/LocalLow/Unity/Caches/GiCache. Took: 0.006s, timestamps: [11.315 - 11.322]
Unloading 23 Unused Serialized files (Serialized files now loaded: 0)
Unloading 50 unused Assets / (0.8 MB). Loaded Objects now: 2646.
Memory consumption went from 143.1 MB to 142.3 MB.
Total: 4.613500 ms (FindLiveObjects: 0.086100 ms CreateObjectMapping: 0.028400 ms MarkObjects: 4.203000 ms  DeleteObjects: 0.295100 ms)

Unloading 0 Unused Serialized files (Serialized files now loaded: 0)
Unloading 0 unused Assets / (0 B). Loaded Objects now: 2646.
Memory consumption went from 142.2 MB to 142.2 MB.
Total: 4.110000 ms (FindLiveObjects: 0.101600 ms CreateObjectMapping: 0.023200 ms MarkObjects: 3.980600 ms  DeleteObjects: 0.003600 ms)

Unloading 1 Unused Serialized files (Serialized files now loaded: 0)
Unloading 178 unused Assets / (150.4 MB). Loaded Objects now: 2646.
Memory consumption went from 291.2 MB to 140.8 MB.
Total: 18.546700 ms (FindLiveObjects: 0.161800 ms CreateObjectMapping: 0.034800 ms MarkObjects: 4.458300 ms  DeleteObjects: 13.890700 ms)

Compiling shader "TextMeshPro/Mobile/Distance Field"
  Pass "" (vp)
    Target graphics API: d3d11
    Full variant space:         12
    After settings filtering:   12
    After built-in stripping:   12
    After scriptable stripping: 12
    Processed in 0.01 seconds
  Pass "" (fp)
    Target graphics API: d3d11
    Full variant space:         12
    After settings filtering:   12
    After built-in stripping:   12
    After scriptable stripping: 12
    Processed in 0.00 seconds
  Pass  (vp, d3d11) finished in 0.02 seconds. Local cache hits 12 (0.13s CPU time), remote cache hits 0 (0.00s CPU time), compiled 0 variants (0.00s CPU time), skipped 0 variants.
    Prepared data for serialisation in 0.00s
  Pass  (fp, d3d11) finished in 0.02 seconds. Local cache hits 12 (0.12s CPU time), remote cache hits 0 (0.00s CPU time), compiled 0 variants (0.00s CPU time), skipped 0 variants.
    Prepared data for serialisation in 0.00s
Serialized binary data for shader TextMeshPro/Mobile/Distance Field in 0.00s
    d3d11 (total internal programs: 24, unique: 24)
Compressed shader 'TextMeshPro/Mobile/Distance Field' on d3d11 from 1.94MB to 0.17MB
Compressed shader 'TextMeshPro/Mobile/Distance Field' in 0.02s
Compiling shader "Skybox/Procedural"
  Pass "" (vp)
    Target graphics API: d3d11
    Full variant space:         3
    After settings filtering:   3
    After built-in stripping:   3
    After scriptable stripping: 3
    Processed in 0.00 seconds
  Pass "" (fp)
    Target graphics API: d3d11
    Full variant space:         3
    After settings filtering:   3
    After built-in stripping:   3
    After scriptable stripping: 3
    Processed in 0.00 seconds
  Pass  (vp, d3d11) finished in 0.01 seconds. Local cache hits 3 (0.02s CPU time), remote cache hits 0 (0.00s CPU time), compiled 0 variants (0.00s CPU time), skipped 0 variants.
    Prepared data for serialisation in 0.00s
  Pass  (fp, d3d11) finished in 0.01 seconds. Local cache hits 3 (0.00s CPU time), remote cache hits 0 (0.00s CPU time), compiled 0 variants (0.00s CPU time), skipped 0 variants.
    Prepared data for serialisation in 0.00s
Serialized binary data for shader Skybox/Procedural in 0.00s
    d3d11 (total internal programs: 6, unique: 6)
Compiling shader "Legacy Shaders/VertexLit"
  Pass "" (vp)
    Target graphics API: d3d11
    Full variant space:         12
    After settings filtering:   12
    After built-in stripping:   3
    After scriptable stripping: 3
    Processed in 0.00 seconds
  Pass "" (fp)
    Target graphics API: d3d11
    Full variant space:         12
    After settings filtering:   12
    After built-in stripping:   3
    After scriptable stripping: 3
    Processed in 0.00 seconds
  Pass "" (vp)
    Target graphics API: d3d11
    Full variant space:         4
    After settings filtering:   4
    After built-in stripping:   1
    After scriptable stripping: 1
    Processed in 0.00 seconds
  Pass "" (fp)
    Target graphics API: d3d11
    Full variant space:         4
    After settings filtering:   4
    After built-in stripping:   1
    After scriptable stripping: 1
    Processed in 0.00 seconds
  Pass "ShadowCaster" (vp)
    Target graphics API: d3d11
    Full variant space:         4
    After settings filtering:   4
    After built-in stripping:   2
    After scriptable stripping: 2
    Processed in 0.00 seconds
  Pass "ShadowCaster" (fp)
    Target graphics API: d3d11
    Full variant space:         4
    After settings filtering:   4
    After built-in stripping:   2
    After scriptable stripping: 2
    Processed in 0.00 seconds
  Pass  (vp, d3d11) finished in 0.01 seconds. Local cache hits 3 (0.01s CPU time), remote cache hits 0 (0.00s CPU time), compiled 0 variants (0.00s CPU time), skipped 0 variants.
    Prepared data for serialisation in 0.00s
  Pass  (fp, d3d11) finished in 0.01 seconds. Local cache hits 3 (0.01s CPU time), remote cache hits 0 (0.00s CPU time), compiled 0 variants (0.00s CPU time), skipped 0 variants.
    Prepared data for serialisation in 0.00s
  Pass  (vp, d3d11) finished in 0.01 seconds. Local cache hits 1 (0.00s CPU time), remote cache hits 0 (0.00s CPU time), compiled 0 variants (0.00s CPU time), skipped 0 variants.
    Prepared data for serialisation in 0.00s
  Pass  (fp, d3d11) finished in 0.01 seconds. Local cache hits 1 (0.01s CPU time), remote cache hits 0 (0.00s CPU time), compiled 0 variants (0.00s CPU time), skipped 0 variants.
    Prepared data for serialisation in 0.00s
  Pass ShadowCaster (vp, d3d11) finished in 0.01 seconds. Local cache hits 2 (0.01s CPU time), remote cache hits 0 (0.00s CPU time), compiled 0 variants (0.00s CPU time), skipped 0 variants.
    Prepared data for serialisation in 0.00s
  Pass ShadowCaster (fp, d3d11) finished in 0.01 seconds. Local cache hits 2 (0.00s CPU time), remote cache hits 0 (0.00s CPU time), compiled 0 variants (0.00s CPU time), skipped 0 variants.
    Prepared data for serialisation in 0.00s
Serialized binary data for shader Legacy Shaders/VertexLit in 0.00s
    d3d11 (total internal programs: 12, unique: 12)
Compiling shader "Legacy Shaders/Diffuse"
  Pass "FORWARD" (vp)
    Target graphics API: d3d11
    Full variant space:         664
    After settings filtering:   664
    After built-in stripping:   8
    After scriptable stripping: 8
    Processed in 0.00 seconds
  Pass "FORWARD" (fp)
    Target graphics API: d3d11
    Full variant space:         504
    After settings filtering:   504
    After built-in stripping:   4
    After scriptable stripping: 4
    Processed in 0.00 seconds
  Pass "FORWARD" (vp)
    Target graphics API: d3d11
    Full variant space:         20
    After settings filtering:   20
    After built-in stripping:   5
    After scriptable stripping: 5
    Processed in 0.00 seconds
  Pass "FORWARD" (fp)
    Target graphics API: d3d11
    Full variant space:         20
    After settings filtering:   20
    After built-in stripping:   5
    After scriptable stripping: 5
    Processed in 0.00 seconds
  Pass "DEFERRED" (vp)
    Target graphics API: d3d11
    Full variant space:         76
    After settings filtering:   76
    After built-in stripping:   4
    After scriptable stripping: 4
    Processed in 0.00 seconds
  Pass "DEFERRED" (fp)
    Target graphics API: d3d11
    Full variant space:         76
    After settings filtering:   76
    After built-in stripping:   4
    After scriptable stripping: 4
    Processed in 0.00 seconds
  Pass FORWARD (vp, d3d11) finished in 0.01 seconds. Local cache hits 8 (0.04s CPU time), remote cache hits 0 (0.00s CPU time), compiled 0 variants (0.00s CPU time), skipped 0 variants.
    Prepared data for serialisation in 0.00s
  Pass FORWARD (fp, d3d11) finished in 0.01 seconds. Local cache hits 4 (0.01s CPU time), remote cache hits 0 (0.00s CPU time), compiled 0 variants (0.00s CPU time), skipped 0 variants.
    Prepared data for serialisation in 0.00s
  Pass FORWARD (vp, d3d11) finished in 0.01 seconds. Local cache hits 5 (0.02s CPU time), remote cache hits 0 (0.00s CPU time), compiled 0 variants (0.00s CPU time), skipped 0 variants.
    Prepared data for serialisation in 0.00s
  Pass FORWARD (fp, d3d11) finished in 0.01 seconds. Local cache hits 5 (0.01s CPU time), remote cache hits 0 (0.00s CPU time), compiled 0 variants (0.00s CPU time), skipped 0 variants.
    Prepared data for serialisation in 0.00s
  Pass DEFERRED (vp, d3d11) finished in 0.01 seconds. Local cache hits 4 (0.01s CPU time), remote cache hits 0 (0.00s CPU time), compiled 0 variants (0.00s CPU time), skipped 0 variants.
    Prepared data for serialisation in 0.00s
  Pass DEFERRED (fp, d3d11) finished in 0.03 seconds. Local cache hits 4 (0.05s CPU time), remote cache hits 0 (0.00s CPU time), compiled 0 variants (0.00s CPU time), skipped 0 variants.
    Prepared data for serialisation in 0.00s
Serialized binary data for shader Legacy Shaders/Diffuse in 0.00s
    d3d11 (total internal programs: 30, unique: 30)
Compiling shader "Hidden/Internal-StencilWrite"
  Pass "" (vp)
    Target graphics API: d3d11
    Full variant space:         1
    After settings filtering:   1
    After built-in stripping:   1
    After scriptable stripping: 1
    Processed in 0.00 seconds
  Pass "" (fp)
    Target graphics API: d3d11
    Full variant space:         1
    After settings filtering:   1
    After built-in stripping:   1
    After scriptable stripping: 1
    Processed in 0.00 seconds
  Pass  (vp, d3d11) finished in 0.00 seconds. Local cache hits 1 (0.00s CPU time), remote cache hits 0 (0.00s CPU time), compiled 0 variants (0.00s CPU time), skipped 0 variants.
    Prepared data for serialisation in 0.00s
  Pass  (fp, d3d11) finished in 0.00 seconds. Local cache hits 1 (0.00s CPU time), remote cache hits 0 (0.00s CPU time), compiled 0 variants (0.00s CPU time), skipped 0 variants.
    Prepared data for serialisation in 0.00s
Serialized binary data for shader Hidden/Internal-StencilWrite in 0.00s
    d3d11 (total internal programs: 2, unique: 2)
Compiling shader "Hidden/Internal-DepthNormalsTexture"
  Pass "" (vp)
    Target graphics API: d3d11
    Full variant space:         1
    After settings filtering:   1
    After built-in stripping:   1
    After scriptable stripping: 1
    Processed in 0.00 seconds
  Pass "" (fp)
    Target graphics API: d3d11
    Full variant space:         1
    After settings filtering:   1
    After built-in stripping:   1
    After scriptable stripping: 1
    Processed in 0.00 seconds
  Pass "" (vp)
    Target graphics API: d3d11
    Full variant space:         1
    After settings filtering:   1
    After built-in stripping:   1
    After scriptable stripping: 1
    Processed in 0.00 seconds
  Pass "" (fp)
    Target graphics API: d3d11
    Full variant space:         1
    After settings filtering:   1
    After built-in stripping:   1
    After scriptable stripping: 1
    Processed in 0.00 seconds
  Pass "" (vp)
    Target graphics API: d3d11
    Full variant space:         1
    After settings filtering:   1
    After built-in stripping:   1
    After scriptable stripping: 1
    Processed in 0.00 seconds
  Pass "" (fp)
    Target graphics API: d3d11
    Full variant space:         1
    After settings filtering:   1
    After built-in stripping:   1
    After scriptable stripping: 1
    Processed in 0.00 seconds
  Pass "" (vp)
    Target graphics API: d3d11
    Full variant space:         1
    After settings filtering:   1
    After built-in stripping:   1
    After scriptable stripping: 1
    Processed in 0.00 seconds
  Pass "" (fp)
    Target graphics API: d3d11
    Full variant space:         1
    After settings filtering:   1
    After built-in stripping:   1
    After scriptable stripping: 1
    Processed in 0.00 seconds
  Pass "" (vp)
    Target graphics API: d3d11
    Full variant space:         1
    After settings filtering:   1
    After built-in stripping:   1
    After scriptable stripping: 1
    Processed in 0.00 seconds
  Pass "" (fp)
    Target graphics API: d3d11
    Full variant space:         1
    After settings filtering:   1
    After built-in stripping:   1
    After scriptable stripping: 1
    Processed in 0.00 seconds
  Pass "" (vp)
    Target graphics API: d3d11
    Full variant space:         1
    After settings filtering:   1
    After built-in stripping:   1
    After scriptable stripping: 1
    Processed in 0.00 seconds
  Pass "" (fp)
    Target graphics API: d3d11
    Full variant space:         1
    After settings filtering:   1
    After built-in stripping:   1
    After scriptable stripping: 1
    Processed in 0.00 seconds
  Pass "" (vp)
    Target graphics API: d3d11
    Full variant space:         1
    After settings filtering:   1
    After built-in stripping:   1
    After scriptable stripping: 1
    Processed in 0.00 seconds
  Pass "" (fp)
    Target graphics API: d3d11
    Full variant space:         1
    After settings filtering:   1
    After built-in stripping:   1
    After scriptable stripping: 1
    Processed in 0.00 seconds
  Pass "" (vp)
    Target graphics API: d3d11
    Full variant space:         1
    After settings filtering:   1
    After built-in stripping:   1
    After scriptable stripping: 1
    Processed in 0.00 seconds
  Pass "" (fp)
    Target graphics API: d3d11
    Full variant space:         1
    After settings filtering:   1
    After built-in stripping:   1
    After scriptable stripping: 1
    Processed in 0.00 seconds
  Pass "" (vp)
    Target graphics API: d3d11
    Full variant space:         1
    After settings filtering:   1
    After built-in stripping:   1
    After scriptable stripping: 1
    Processed in 0.00 seconds
  Pass "" (fp)
    Target graphics API: d3d11
    Full variant space:         1
    After settings filtering:   1
    After built-in stripping:   1
    After scriptable stripping: 1
    Processed in 0.00 seconds
  Pass "" (vp)
    Target graphics API: d3d11
    Full variant space:         1
    After settings filtering:   1
    After built-in stripping:   1
    After scriptable stripping: 1
    Processed in 0.00 seconds
  Pass "" (fp)
    Target graphics API: d3d11
    Full variant space:         1
    After settings filtering:   1
    After built-in stripping:   1
    After scriptable stripping: 1
    Processed in 0.00 seconds
  Pass  (vp, d3d11) finished in 0.01 seconds. Local cache hits 1 (0.01s CPU time), remote cache hits 0 (0.00s CPU time), compiled 0 variants (0.00s CPU time), skipped 0 variants.
    Prepared data for serialisation in 0.00s
  Pass  (fp, d3d11) finished in 0.01 seconds. Local cache hits 1 (0.00s CPU time), remote cache hits 0 (0.00s CPU time), compiled 0 variants (0.00s CPU time), skipped 0 variants.
    Prepared data for serialisation in 0.00s
  Pass  (vp, d3d11) finished in 0.01 seconds. Local cache hits 1 (0.01s CPU time), remote cache hits 0 (0.00s CPU time), compiled 0 variants (0.00s CPU time), skipped 0 variants.
    Prepared data for serialisation in 0.00s
  Pass  (fp, d3d11) finished in 0.01 seconds. Local cache hits 1 (0.01s CPU time), remote cache hits 0 (0.00s CPU time), compiled 0 variants (0.00s CPU time), skipped 0 variants.
    Prepared data for serialisation in 0.00s
  Pass  (vp, d3d11) finished in 0.01 seconds. Local cache hits 1 (0.00s CPU time), remote cache hits 0 (0.00s CPU time), compiled 0 variants (0.00s CPU time), skipped 0 variants.
    Prepared data for serialisation in 0.00s
  Pass  (fp, d3d11) finished in 0.01 seconds. Local cache hits 1 (0.01s CPU time), remote cache hits 0 (0.00s CPU time), compiled 0 variants (0.00s CPU time), skipped 0 variants.
    Prepared data for serialisation in 0.00s
  Pass  (vp, d3d11) finished in 0.01 seconds. Local cache hits 1 (0.00s CPU time), remote cache hits 0 (0.00s CPU time), compiled 0 variants (0.00s CPU time), skipped 0 variants.
    Prepared data for serialisation in 0.00s
  Pass  (fp, d3d11) finished in 0.01 seconds. Local cache hits 1 (0.00s CPU time), remote cache hits 0 (0.00s CPU time), compiled 0 variants (0.00s CPU time), skipped 0 variants.
    Prepared data for serialisation in 0.00s
  Pass  (vp, d3d11) finished in 0.01 seconds. Local cache hits 1 (0.00s CPU time), remote cache hits 0 (0.00s CPU time), compiled 0 variants (0.00s CPU time), skipped 0 variants.
    Prepared data for serialisation in 0.00s
  Pass  (fp, d3d11) finished in 0.01 seconds. Local cache hits 1 (0.00s CPU time), remote cache hits 0 (0.00s CPU time), compiled 0 variants (0.00s CPU time), skipped 0 variants.
    Prepared data for serialisation in 0.00s
  Pass  (vp, d3d11) finished in 0.01 seconds. Local cache hits 1 (0.01s CPU time), remote cache hits 0 (0.00s CPU time), compiled 0 variants (0.00s CPU time), skipped 0 variants.
    Prepared data for serialisation in 0.00s
  Pass  (fp, d3d11) finished in 0.01 seconds. Local cache hits 1 (0.01s CPU time), remote cache hits 0 (0.00s CPU time), compiled 0 variants (0.00s CPU time), skipped 0 variants.
    Prepared data for serialisation in 0.00s
  Pass  (vp, d3d11) finished in 0.01 seconds. Local cache hits 1 (0.00s CPU time), remote cache hits 0 (0.00s CPU time), compiled 0 variants (0.00s CPU time), skipped 0 variants.
    Prepared data for serialisation in 0.00s
  Pass  (fp, d3d11) finished in 0.01 seconds. Local cache hits 1 (0.01s CPU time), remote cache hits 0 (0.00s CPU time), compiled 0 variants (0.00s CPU time), skipped 0 variants.
    Prepared data for serialisation in 0.00s
  Pass  (vp, d3d11) finished in 0.01 seconds. Local cache hits 1 (0.00s CPU time), remote cache hits 0 (0.00s CPU time), compiled 0 variants (0.00s CPU time), skipped 0 variants.
    Prepared data for serialisation in 0.00s
  Pass  (fp, d3d11) finished in 0.01 seconds. Local cache hits 1 (0.00s CPU time), remote cache hits 0 (0.00s CPU time), compiled 0 variants (0.00s CPU time), skipped 0 variants.
    Prepared data for serialisation in 0.00s
  Pass  (vp, d3d11) finished in 0.01 seconds. Local cache hits 1 (0.01s CPU time), remote cache hits 0 (0.00s CPU time), compiled 0 variants (0.00s CPU time), skipped 0 variants.
    Prepared data for serialisation in 0.00s
  Pass  (fp, d3d11) finished in 0.01 seconds. Local cache hits 1 (0.00s CPU time), remote cache hits 0 (0.00s CPU time), compiled 0 variants (0.00s CPU time), skipped 0 variants.
    Prepared data for serialisation in 0.00s
  Pass  (vp, d3d11) finished in 0.01 seconds. Local cache hits 1 (0.01s CPU time), remote cache hits 0 (0.00s CPU time), compiled 0 variants (0.00s CPU time), skipped 0 variants.
    Prepared data for serialisation in 0.00s
  Pass  (fp, d3d11) finished in 0.01 seconds. Local cache hits 1 (0.00s CPU time), remote cache hits 0 (0.00s CPU time), compiled 0 variants (0.00s CPU time), skipped 0 variants.
    Prepared data for serialisation in 0.00s
Serialized binary data for shader Hidden/Internal-DepthNormalsTexture in 0.00s
    d3d11 (total internal programs: 20, unique: 17)
Compiling shader "Hidden/Internal-ScreenSpaceShadows"
  Pass "" (vp)
    Target graphics API: d3d11
    Full variant space:         4
    After settings filtering:   4
    After built-in stripping:   4
    After scriptable stripping: 4
    Processed in 0.00 seconds
  Pass "" (fp)
    Target graphics API: d3d11
    Full variant space:         4
    After settings filtering:   4
    After built-in stripping:   4
    After scriptable stripping: 4
    Processed in 0.00 seconds
  Pass "" (vp)
    Target graphics API: d3d11
    Full variant space:         4
    After settings filtering:   4
    After built-in stripping:   4
    After scriptable stripping: 4
    Processed in 0.00 seconds
  Pass "" (fp)
    Target graphics API: d3d11
    Full variant space:         4
    After settings filtering:   4
    After built-in stripping:   4
    After scriptable stripping: 4
    Processed in 0.00 seconds
  Pass "" (vp)
    Target graphics API: d3d11
    Full variant space:         4
    After settings filtering:   4
    After built-in stripping:   4
    After scriptable stripping: 4
    Processed in 0.00 seconds
  Pass "" (fp)
    Target graphics API: d3d11
    Full variant space:         4
    After settings filtering:   4
    After built-in stripping:   4
    After scriptable stripping: 4
    Processed in 0.00 seconds
  Pass "" (vp)
    Target graphics API: d3d11
    Full variant space:         4
    After settings filtering:   4
    After built-in stripping:   4
    After scriptable stripping: 4
    Processed in 0.00 seconds
  Pass "" (fp)
    Target graphics API: d3d11
    Full variant space:         4
    After settings filtering:   4
    After built-in stripping:   4
    After scriptable stripping: 4
    Processed in 0.00 seconds
  Pass  (vp, d3d11) finished in 0.01 seconds. Local cache hits 4 (0.01s CPU time), remote cache hits 0 (0.00s CPU time), compiled 0 variants (0.00s CPU time), skipped 0 variants.
    Prepared data for serialisation in 0.00s
  Pass  (fp, d3d11) finished in 0.01 seconds. Local cache hits 4 (0.01s CPU time), remote cache hits 0 (0.00s CPU time), compiled 0 variants (0.00s CPU time), skipped 0 variants.
    Prepared data for serialisation in 0.00s
  Pass  (vp, d3d11) finished in 0.01 seconds. Local cache hits 4 (0.01s CPU time), remote cache hits 0 (0.00s CPU time), compiled 0 variants (0.00s CPU time), skipped 0 variants.
    Prepared data for serialisation in 0.00s
  Pass  (fp, d3d11) finished in 0.01 seconds. Local cache hits 4 (0.02s CPU time), remote cache hits 0 (0.00s CPU time), compiled 0 variants (0.00s CPU time), skipped 0 variants.
    Prepared data for serialisation in 0.00s
  Pass  (vp, d3d11) finished in 0.01 seconds. Local cache hits 4 (0.01s CPU time), remote cache hits 0 (0.00s CPU time), compiled 0 variants (0.00s CPU time), skipped 0 variants.
    Prepared data for serialisation in 0.00s
  Pass  (fp, d3d11) finished in 0.01 seconds. Local cache hits 4 (0.03s CPU time), remote cache hits 0 (0.00s CPU time), compiled 0 variants (0.00s CPU time), skipped 0 variants.
    Prepared data for serialisation in 0.00s
  Pass  (vp, d3d11) finished in 0.01 seconds. Local cache hits 4 (0.01s CPU time), remote cache hits 0 (0.00s CPU time), compiled 0 variants (0.00s CPU time), skipped 0 variants.
    Prepared data for serialisation in 0.00s
  Pass  (fp, d3d11) finished in 0.01 seconds. Local cache hits 4 (0.02s CPU time), remote cache hits 0 (0.00s CPU time), compiled 0 variants (0.00s CPU time), skipped 0 variants.
    Prepared data for serialisation in 0.00s
Serialized binary data for shader Hidden/Internal-ScreenSpaceShadows in 0.00s
    d3d11 (total internal programs: 32, unique: 20)
Compiling shader "Hidden/Internal-CombineDepthNormals"
  Pass "" (vp)
    Target graphics API: d3d11
    Full variant space:         1
    After settings filtering:   1
    After built-in stripping:   1
    After scriptable stripping: 1
    Processed in 0.00 seconds
  Pass "" (fp)
    Target graphics API: d3d11
    Full variant space:         1
    After settings filtering:   1
    After built-in stripping:   1
    After scriptable stripping: 1
    Processed in 0.00 seconds
  Pass  (vp, d3d11) finished in 0.01 seconds. Local cache hits 1 (0.01s CPU time), remote cache hits 0 (0.00s CPU time), compiled 0 variants (0.00s CPU time), skipped 0 variants.
    Prepared data for serialisation in 0.00s
  Pass  (fp, d3d11) finished in 0.01 seconds. Local cache hits 1 (0.00s CPU time), remote cache hits 0 (0.00s CPU time), compiled 0 variants (0.00s CPU time), skipped 0 variants.
    Prepared data for serialisation in 0.00s
Serialized binary data for shader Hidden/Internal-CombineDepthNormals in 0.00s
    d3d11 (total internal programs: 2, unique: 2)
Compiling shader "Hidden/BlitCopy"
  Pass "" (vp)
    Target graphics API: d3d11
    Full variant space:         1
    After settings filtering:   1
    After built-in stripping:   1
    After scriptable stripping: 1
    Processed in 0.00 seconds
  Pass "" (fp)
    Target graphics API: d3d11
    Full variant space:         1
    After settings filtering:   1
    After built-in stripping:   1
    After scriptable stripping: 1
    Processed in 0.00 seconds
  Pass  (vp, d3d11) finished in 0.00 seconds. Local cache hits 1 (0.00s CPU time), remote cache hits 0 (0.00s CPU time), compiled 0 variants (0.00s CPU time), skipped 0 variants.
    Prepared data for serialisation in 0.00s
  Pass  (fp, d3d11) finished in 0.00 seconds. Local cache hits 1 (0.00s CPU time), remote cache hits 0 (0.00s CPU time), compiled 0 variants (0.00s CPU time), skipped 0 variants.
    Prepared data for serialisation in 0.00s
Serialized binary data for shader Hidden/BlitCopy in 0.00s
    d3d11 (total internal programs: 2, unique: 2)
Compiling shader "Hidden/BlitCopyDepth"
  Pass "" (vp)
    Target graphics API: d3d11
    Full variant space:         1
    After settings filtering:   1
    After built-in stripping:   1
    After scriptable stripping: 1
    Processed in 0.00 seconds
  Pass "" (fp)
    Target graphics API: d3d11
    Full variant space:         1
    After settings filtering:   1
    After built-in stripping:   1
    After scriptable stripping: 1
    Processed in 0.00 seconds
  Pass  (vp, d3d11) finished in 0.00 seconds. Local cache hits 1 (0.00s CPU time), remote cache hits 0 (0.00s CPU time), compiled 0 variants (0.00s CPU time), skipped 0 variants.
    Prepared data for serialisation in 0.00s
  Pass  (fp, d3d11) finished in 0.00 seconds. Local cache hits 1 (0.00s CPU time), remote cache hits 0 (0.00s CPU time), compiled 0 variants (0.00s CPU time), skipped 0 variants.
    Prepared data for serialisation in 0.00s
Serialized binary data for shader Hidden/BlitCopyDepth in 0.00s
    d3d11 (total internal programs: 2, unique: 2)
Compiling shader "Hidden/ConvertTexture"
  Pass "" (vp)
    Target graphics API: d3d11
    Full variant space:         1
    After settings filtering:   1
    After built-in stripping:   1
    After scriptable stripping: 1
    Processed in 0.00 seconds
  Pass "" (fp)
    Target graphics API: d3d11
    Full variant space:         1
    After settings filtering:   1
    After built-in stripping:   1
    After scriptable stripping: 1
    Processed in 0.00 seconds
  Pass  (vp, d3d11) finished in 0.01 seconds. Local cache hits 1 (0.01s CPU time), remote cache hits 0 (0.00s CPU time), compiled 0 variants (0.00s CPU time), skipped 0 variants.
    Prepared data for serialisation in 0.00s
  Pass  (fp, d3d11) finished in 0.01 seconds. Local cache hits 1 (0.00s CPU time), remote cache hits 0 (0.00s CPU time), compiled 0 variants (0.00s CPU time), skipped 0 variants.
    Prepared data for serialisation in 0.00s
Serialized binary data for shader Hidden/ConvertTexture in 0.00s
    d3d11 (total internal programs: 2, unique: 2)
Compiling shader "Hidden/Internal-DeferredShading"
  Pass "" (vp)
    Target graphics API: d3d11
    Full variant space:         94
    After settings filtering:   94
    After built-in stripping:   26
    After scriptable stripping: 26
    Processed in 0.00 seconds
  Pass "" (fp)
    Target graphics API: d3d11
    Full variant space:         94
    After settings filtering:   94
    After built-in stripping:   26
    After scriptable stripping: 26
    Processed in 0.00 seconds
  Pass "" (vp)
    Target graphics API: d3d11
    Full variant space:         1
    After settings filtering:   1
    After built-in stripping:   1
    After scriptable stripping: 1
    Processed in 0.00 seconds
  Pass "" (fp)
    Target graphics API: d3d11
    Full variant space:         1
    After settings filtering:   1
    After built-in stripping:   1
    After scriptable stripping: 1
    Processed in 0.00 seconds
  Pass  (vp, d3d11) finished in 0.01 seconds. Local cache hits 26 (0.14s CPU time), remote cache hits 0 (0.00s CPU time), compiled 0 variants (0.00s CPU time), skipped 0 variants.
    Prepared data for serialisation in 0.00s
  Pass  (fp, d3d11) finished in 0.02 seconds. Local cache hits 26 (0.12s CPU time), remote cache hits 0 (0.00s CPU time), compiled 0 variants (0.00s CPU time), skipped 0 variants.
    Prepared data for serialisation in 0.00s
  Pass  (vp, d3d11) finished in 0.01 seconds. Local cache hits 1 (0.00s CPU time), remote cache hits 0 (0.00s CPU time), compiled 0 variants (0.00s CPU time), skipped 0 variants.
    Prepared data for serialisation in 0.00s
  Pass  (fp, d3d11) finished in 0.01 seconds. Local cache hits 1 (0.01s CPU time), remote cache hits 0 (0.00s CPU time), compiled 0 variants (0.00s CPU time), skipped 0 variants.
    Prepared data for serialisation in 0.00s
Serialized binary data for shader Hidden/Internal-DeferredShading in 0.00s
    d3d11 (total internal programs: 54, unique: 54)
Compiling shader "Hidden/Internal-DeferredReflections"
  Pass "" (vp)
    Target graphics API: d3d11
    Full variant space:         1
    After settings filtering:   1
    After built-in stripping:   1
    After scriptable stripping: 1
    Processed in 0.00 seconds
  Pass "" (fp)
    Target graphics API: d3d11
    Full variant space:         1
    After settings filtering:   1
    After built-in stripping:   1
    After scriptable stripping: 1
    Processed in 0.00 seconds
  Pass "" (vp)
    Target graphics API: d3d11
    Full variant space:         2
    After settings filtering:   2
    After built-in stripping:   2
    After scriptable stripping: 2
    Processed in 0.00 seconds
  Pass "" (fp)
    Target graphics API: d3d11
    Full variant space:         2
    After settings filtering:   2
    After built-in stripping:   2
    After scriptable stripping: 2
    Processed in 0.00 seconds
  Pass  (vp, d3d11) finished in 0.01 seconds. Local cache hits 1 (0.01s CPU time), remote cache hits 0 (0.00s CPU time), compiled 0 variants (0.00s CPU time), skipped 0 variants.
    Prepared data for serialisation in 0.00s
  Pass  (fp, d3d11) finished in 0.01 seconds. Local cache hits 1 (0.00s CPU time), remote cache hits 0 (0.00s CPU time), compiled 0 variants (0.00s CPU time), skipped 0 variants.
    Prepared data for serialisation in 0.00s
  Pass  (vp, d3d11) finished in 0.01 seconds. Local cache hits 2 (0.00s CPU time), remote cache hits 0 (0.00s CPU time), compiled 0 variants (0.00s CPU time), skipped 0 variants.
    Prepared data for serialisation in 0.00s
  Pass  (fp, d3d11) finished in 0.01 seconds. Local cache hits 2 (0.01s CPU time), remote cache hits 0 (0.00s CPU time), compiled 0 variants (0.00s CPU time), skipped 0 variants.
    Prepared data for serialisation in 0.00s
Serialized binary data for shader Hidden/Internal-DeferredReflections in 0.00s
    d3d11 (total internal programs: 6, unique: 6)
Compiling shader "Hidden/Internal-MotionVectors"
  Pass "" (vp)
    Target graphics API: d3d11
    Full variant space:         1
    After settings filtering:   1
    After built-in stripping:   1
    After scriptable stripping: 1
    Processed in 0.00 seconds
  Pass "" (fp)
    Target graphics API: d3d11
    Full variant space:         1
    After settings filtering:   1
    After built-in stripping:   1
    After scriptable stripping: 1
    Processed in 0.00 seconds
  Pass "" (vp)
    Target graphics API: d3d11
    Full variant space:         1
    After settings filtering:   1
    After built-in stripping:   1
    After scriptable stripping: 1
    Processed in 0.00 seconds
  Pass "" (fp)
    Target graphics API: d3d11
    Full variant space:         1
    After settings filtering:   1
    After built-in stripping:   1
    After scriptable stripping: 1
    Processed in 0.00 seconds
  Pass "" (vp)
    Target graphics API: d3d11
    Full variant space:         1
    After settings filtering:   1
    After built-in stripping:   1
    After scriptable stripping: 1
    Processed in 0.00 seconds
  Pass "" (fp)
    Target graphics API: d3d11
    Full variant space:         1
    After settings filtering:   1
    After built-in stripping:   1
    After scriptable stripping: 1
    Processed in 0.00 seconds
  Pass  (vp, d3d11) finished in 0.00 seconds. Local cache hits 1 (0.00s CPU time), remote cache hits 0 (0.00s CPU time), compiled 0 variants (0.00s CPU time), skipped 0 variants.
    Prepared data for serialisation in 0.00s
  Pass  (fp, d3d11) finished in 0.01 seconds. Local cache hits 1 (0.01s CPU time), remote cache hits 0 (0.00s CPU time), compiled 0 variants (0.00s CPU time), skipped 0 variants.
    Prepared data for serialisation in 0.00s
  Pass  (vp, d3d11) finished in 0.01 seconds. Local cache hits 1 (0.00s CPU time), remote cache hits 0 (0.00s CPU time), compiled 0 variants (0.00s CPU time), skipped 0 variants.
    Prepared data for serialisation in 0.00s
  Pass  (fp, d3d11) finished in 0.01 seconds. Local cache hits 1 (0.00s CPU time), remote cache hits 0 (0.00s CPU time), compiled 0 variants (0.00s CPU time), skipped 0 variants.
    Prepared data for serialisation in 0.00s
  Pass  (vp, d3d11) finished in 0.01 seconds. Local cache hits 1 (0.00s CPU time), remote cache hits 0 (0.00s CPU time), compiled 0 variants (0.00s CPU time), skipped 0 variants.
    Prepared data for serialisation in 0.00s
  Pass  (fp, d3d11) finished in 0.01 seconds. Local cache hits 1 (0.00s CPU time), remote cache hits 0 (0.00s CPU time), compiled 0 variants (0.00s CPU time), skipped 0 variants.
    Prepared data for serialisation in 0.00s
Serialized binary data for shader Hidden/Internal-MotionVectors in 0.00s
    d3d11 (total internal programs: 6, unique: 5)
Compiling shader "Hidden/Internal-Flare"
  Pass "" (vp)
    Target graphics API: d3d11
    Full variant space:         1
    After settings filtering:   1
    After built-in stripping:   1
    After scriptable stripping: 1
    Processed in 0.00 seconds
  Pass "" (fp)
    Target graphics API: d3d11
    Full variant space:         1
    After settings filtering:   1
    After built-in stripping:   1
    After scriptable stripping: 1
    Processed in 0.00 seconds
  Pass  (vp, d3d11) finished in 0.00 seconds. Local cache hits 1 (0.00s CPU time), remote cache hits 0 (0.00s CPU time), compiled 0 variants (0.00s CPU time), skipped 0 variants.
    Prepared data for serialisation in 0.00s
  Pass  (fp, d3d11) finished in 0.00 seconds. Local cache hits 1 (0.00s CPU time), remote cache hits 0 (0.00s CPU time), compiled 0 variants (0.00s CPU time), skipped 0 variants.
    Prepared data for serialisation in 0.00s
Serialized binary data for shader Hidden/Internal-Flare in 0.00s
    d3d11 (total internal programs: 2, unique: 2)
Compiling shader "Hidden/Internal-Halo"
  Pass "" (vp)
    Target graphics API: d3d11
    Full variant space:         4
    After settings filtering:   4
    After built-in stripping:   1
    After scriptable stripping: 1
    Processed in 0.00 seconds
  Pass "" (fp)
    Target graphics API: d3d11
    Full variant space:         4
    After settings filtering:   4
    After built-in stripping:   1
    After scriptable stripping: 1
    Processed in 0.00 seconds
  Pass  (vp, d3d11) finished in 0.00 seconds. Local cache hits 1 (0.00s CPU time), remote cache hits 0 (0.00s CPU time), compiled 0 variants (0.00s CPU time), skipped 0 variants.
    Prepared data for serialisation in 0.00s
  Pass  (fp, d3d11) finished in 0.01 seconds. Local cache hits 1 (0.01s CPU time), remote cache hits 0 (0.00s CPU time), compiled 0 variants (0.00s CPU time), skipped 0 variants.
    Prepared data for serialisation in 0.00s
Serialized binary data for shader Hidden/Internal-Halo in 0.00s
    d3d11 (total internal programs: 2, unique: 2)
Compiling shader "Hidden/BlitCopyWithDepth"
  Pass "" (vp)
    Target graphics API: d3d11
    Full variant space:         1
    After settings filtering:   1
    After built-in stripping:   1
    After scriptable stripping: 1
    Processed in 0.00 seconds
  Pass "" (fp)
    Target graphics API: d3d11
    Full variant space:         1
    After settings filtering:   1
    After built-in stripping:   1
    After scriptable stripping: 1
    Processed in 0.00 seconds
  Pass  (vp, d3d11) finished in 0.01 seconds. Local cache hits 1 (0.01s CPU time), remote cache hits 0 (0.00s CPU time), compiled 0 variants (0.00s CPU time), skipped 0 variants.
    Prepared data for serialisation in 0.00s
  Pass  (fp, d3d11) finished in 0.01 seconds. Local cache hits 1 (0.00s CPU time), remote cache hits 0 (0.00s CPU time), compiled 0 variants (0.00s CPU time), skipped 0 variants.
    Prepared data for serialisation in 0.00s
Serialized binary data for shader Hidden/BlitCopyWithDepth in 0.00s
    d3d11 (total internal programs: 2, unique: 2)
Compiling shader "Hidden/BlitToDepth"
  Pass "" (vp)
    Target graphics API: d3d11
    Full variant space:         1
    After settings filtering:   1
    After built-in stripping:   1
    After scriptable stripping: 1
    Processed in 0.00 seconds
  Pass "" (fp)
    Target graphics API: d3d11
    Full variant space:         1
    After settings filtering:   1
    After built-in stripping:   1
    After scriptable stripping: 1
    Processed in 0.00 seconds
  Pass  (vp, d3d11) finished in 0.00 seconds. Local cache hits 1 (0.00s CPU time), remote cache hits 0 (0.00s CPU time), compiled 0 variants (0.00s CPU time), skipped 0 variants.
    Prepared data for serialisation in 0.00s
  Pass  (fp, d3d11) finished in 0.00 seconds. Local cache hits 1 (0.00s CPU time), remote cache hits 0 (0.00s CPU time), compiled 0 variants (0.00s CPU time), skipped 0 variants.
    Prepared data for serialisation in 0.00s
Serialized binary data for shader Hidden/BlitToDepth in 0.00s
    d3d11 (total internal programs: 2, unique: 2)
Compiling shader "Hidden/BlitToDepth_MSAA"
  Pass "" (vp)
    Target graphics API: d3d11
    Full variant space:         1
    After settings filtering:   1
    After built-in stripping:   1
    After scriptable stripping: 1
    Processed in 0.00 seconds
  Pass "" (fp)
    Target graphics API: d3d11
    Full variant space:         1
    After settings filtering:   1
    After built-in stripping:   1
    After scriptable stripping: 1
    Processed in 0.00 seconds
  Pass  (vp, d3d11) finished in 0.00 seconds. Local cache hits 1 (0.00s CPU time), remote cache hits 0 (0.00s CPU time), compiled 0 variants (0.00s CPU time), skipped 0 variants.
    Prepared data for serialisation in 0.00s
  Pass  (fp, d3d11) finished in 0.01 seconds. Local cache hits 1 (0.01s CPU time), remote cache hits 0 (0.00s CPU time), compiled 0 variants (0.00s CPU time), skipped 0 variants.
    Prepared data for serialisation in 0.00s
Serialized binary data for shader Hidden/BlitToDepth_MSAA in 0.00s
    d3d11 (total internal programs: 2, unique: 2)
Compiling shader "Hidden/BlitCopyHDRTonemap"
  Pass "" (vp)
    Target graphics API: d3d11
    Full variant space:         1
    After settings filtering:   1
    After built-in stripping:   1
    After scriptable stripping: 1
    Processed in 0.00 seconds
  Pass "" (fp)
    Target graphics API: d3d11
    Full variant space:         1
    After settings filtering:   1
    After built-in stripping:   1
    After scriptable stripping: 1
    Processed in 0.00 seconds
  Pass  (vp, d3d11) finished in 0.00 seconds. Local cache hits 1 (0.00s CPU time), remote cache hits 0 (0.00s CPU time), compiled 0 variants (0.00s CPU time), skipped 0 variants.
    Prepared data for serialisation in 0.00s
  Pass  (fp, d3d11) finished in 0.01 seconds. Local cache hits 1 (0.01s CPU time), remote cache hits 0 (0.00s CPU time), compiled 0 variants (0.00s CPU time), skipped 0 variants.
    Prepared data for serialisation in 0.00s
Serialized binary data for shader Hidden/BlitCopyHDRTonemap in 0.00s
    d3d11 (total internal programs: 2, unique: 2)
Compiling shader "Hidden/Internal-DebugPattern"
  Pass "Target Color and DepthStencil" (vp)
    Target graphics API: d3d11
    Full variant space:         1
    After settings filtering:   1
    After built-in stripping:   1
    After scriptable stripping: 1
    Processed in 0.00 seconds
  Pass "Target Color and DepthStencil" (fp)
    Target graphics API: d3d11
    Full variant space:         1
    After settings filtering:   1
    After built-in stripping:   1
    After scriptable stripping: 1
    Processed in 0.00 seconds
  Pass "Target only Color" (vp)
    Target graphics API: d3d11
    Full variant space:         1
    After settings filtering:   1
    After built-in stripping:   1
    After scriptable stripping: 1
    Processed in 0.00 seconds
  Pass "Target only Color" (fp)
    Target graphics API: d3d11
    Full variant space:         1
    After settings filtering:   1
    After built-in stripping:   1
    After scriptable stripping: 1
    Processed in 0.00 seconds
  Pass "Target only DepthStencil" (vp)
    Target graphics API: d3d11
    Full variant space:         1
    After settings filtering:   1
    After built-in stripping:   1
    After scriptable stripping: 1
    Processed in 0.00 seconds
  Pass "Target only DepthStencil" (fp)
    Target graphics API: d3d11
    Full variant space:         1
    After settings filtering:   1
    After built-in stripping:   1
    After scriptable stripping: 1
    Processed in 0.00 seconds
  Pass Target Color and DepthStencil (vp, d3d11) finished in 0.01 seconds. Local cache hits 1 (0.01s CPU time), remote cache hits 0 (0.00s CPU time), compiled 0 variants (0.00s CPU time), skipped 0 variants.
    Prepared data for serialisation in 0.00s
  Pass Target Color and DepthStencil (fp, d3d11) finished in 0.01 seconds. Local cache hits 1 (0.01s CPU time), remote cache hits 0 (0.00s CPU time), compiled 0 variants (0.00s CPU time), skipped 0 variants.
    Prepared data for serialisation in 0.00s
  Pass Target only Color (vp, d3d11) finished in 0.01 seconds. Local cache hits 1 (0.00s CPU time), remote cache hits 0 (0.00s CPU time), compiled 0 variants (0.00s CPU time), skipped 0 variants.
    Prepared data for serialisation in 0.00s
  Pass Target only Color (fp, d3d11) finished in 0.01 seconds. Local cache hits 1 (0.00s CPU time), remote cache hits 0 (0.00s CPU time), compiled 0 variants (0.00s CPU time), skipped 0 variants.
    Prepared data for serialisation in 0.00s
  Pass Target only DepthStencil (vp, d3d11) finished in 0.01 seconds. Local cache hits 1 (0.00s CPU time), remote cache hits 0 (0.00s CPU time), compiled 0 variants (0.00s CPU time), skipped 0 variants.
    Prepared data for serialisation in 0.00s
  Pass Target only DepthStencil (fp, d3d11) finished in 0.01 seconds. Local cache hits 1 (0.00s CPU time), remote cache hits 0 (0.00s CPU time), compiled 0 variants (0.00s CPU time), skipped 0 variants.
    Prepared data for serialisation in 0.00s
Serialized binary data for shader Hidden/Internal-DebugPattern in 0.00s
    d3d11 (total internal programs: 6, unique: 4)
Compiling shader "Hidden/Internal-GUITextureClip"
  Pass "" (vp)
    Target graphics API: d3d11
    Full variant space:         1
    After settings filtering:   1
    After built-in stripping:   1
    After scriptable stripping: 1
    Processed in 0.00 seconds
  Pass "" (fp)
    Target graphics API: d3d11
    Full variant space:         1
    After settings filtering:   1
    After built-in stripping:   1
    After scriptable stripping: 1
    Processed in 0.00 seconds
  Pass "" (vp)
    Target graphics API: d3d11
    Full variant space:         1
    After settings filtering:   1
    After built-in stripping:   1
    After scriptable stripping: 1
    Processed in 0.00 seconds
  Pass "" (fp)
    Target graphics API: d3d11
    Full variant space:         1
    After settings filtering:   1
    After built-in stripping:   1
    After scriptable stripping: 1
    Processed in 0.00 seconds
  Pass  (vp, d3d11) finished in 0.00 seconds. Local cache hits 1 (0.00s CPU time), remote cache hits 0 (0.00s CPU time), compiled 0 variants (0.00s CPU time), skipped 0 variants.
    Prepared data for serialisation in 0.00s
  Pass  (fp, d3d11) finished in 0.00 seconds. Local cache hits 1 (0.00s CPU time), remote cache hits 0 (0.00s CPU time), compiled 0 variants (0.00s CPU time), skipped 0 variants.
    Prepared data for serialisation in 0.00s
  Pass  (vp, d3d11) finished in 0.00 seconds. Local cache hits 1 (0.00s CPU time), remote cache hits 0 (0.00s CPU time), compiled 0 variants (0.00s CPU time), skipped 0 variants.
    Prepared data for serialisation in 0.00s
  Pass  (fp, d3d11) finished in 0.00 seconds. Local cache hits 1 (0.00s CPU time), remote cache hits 0 (0.00s CPU time), compiled 0 variants (0.00s CPU time), skipped 0 variants.
    Prepared data for serialisation in 0.00s
Serialized binary data for shader Hidden/Internal-GUITextureClip in 0.00s
    d3d11 (total internal programs: 4, unique: 2)
Compiling shader "Hidden/Internal-GUITextureClipText"
  Pass "" (vp)
    Target graphics API: d3d11
    Full variant space:         1
    After settings filtering:   1
    After built-in stripping:   1
    After scriptable stripping: 1
    Processed in 0.00 seconds
  Pass "" (fp)
    Target graphics API: d3d11
    Full variant space:         1
    After settings filtering:   1
    After built-in stripping:   1
    After scriptable stripping: 1
    Processed in 0.00 seconds
  Pass "" (vp)
    Target graphics API: d3d11
    Full variant space:         1
    After settings filtering:   1
    After built-in stripping:   1
    After scriptable stripping: 1
    Processed in 0.00 seconds
  Pass "" (fp)
    Target graphics API: d3d11
    Full variant space:         1
    After settings filtering:   1
    After built-in stripping:   1
    After scriptable stripping: 1
    Processed in 0.00 seconds
  Pass  (vp, d3d11) finished in 0.00 seconds. Local cache hits 1 (0.00s CPU time), remote cache hits 0 (0.00s CPU time), compiled 0 variants (0.00s CPU time), skipped 0 variants.
    Prepared data for serialisation in 0.00s
  Pass  (fp, d3d11) finished in 0.00 seconds. Local cache hits 1 (0.00s CPU time), remote cache hits 0 (0.00s CPU time), compiled 0 variants (0.00s CPU time), skipped 0 variants.
    Prepared data for serialisation in 0.00s
  Pass  (vp, d3d11) finished in 0.00 seconds. Local cache hits 1 (0.00s CPU time), remote cache hits 0 (0.00s CPU time), compiled 0 variants (0.00s CPU time), skipped 0 variants.
    Prepared data for serialisation in 0.00s
  Pass  (fp, d3d11) finished in 0.00 seconds. Local cache hits 1 (0.00s CPU time), remote cache hits 0 (0.00s CPU time), compiled 0 variants (0.00s CPU time), skipped 0 variants.
    Prepared data for serialisation in 0.00s
Serialized binary data for shader Hidden/Internal-GUITextureClipText in 0.00s
    d3d11 (total internal programs: 4, unique: 2)
Compiling shader "Hidden/Internal-GUITexture"
  Pass "" (vp)
    Target graphics API: d3d11
    Full variant space:         1
    After settings filtering:   1
    After built-in stripping:   1
    After scriptable stripping: 1
    Processed in 0.00 seconds
  Pass "" (fp)
    Target graphics API: d3d11
    Full variant space:         1
    After settings filtering:   1
    After built-in stripping:   1
    After scriptable stripping: 1
    Processed in 0.00 seconds
  Pass "" (vp)
    Target graphics API: d3d11
    Full variant space:         1
    After settings filtering:   1
    After built-in stripping:   1
    After scriptable stripping: 1
    Processed in 0.00 seconds
  Pass "" (fp)
    Target graphics API: d3d11
    Full variant space:         1
    After settings filtering:   1
    After built-in stripping:   1
    After scriptable stripping: 1
    Processed in 0.00 seconds
  Pass  (vp, d3d11) finished in 0.00 seconds. Local cache hits 1 (0.00s CPU time), remote cache hits 0 (0.00s CPU time), compiled 0 variants (0.00s CPU time), skipped 0 variants.
    Prepared data for serialisation in 0.00s
  Pass  (fp, d3d11) finished in 0.00 seconds. Local cache hits 1 (0.00s CPU time), remote cache hits 0 (0.00s CPU time), compiled 0 variants (0.00s CPU time), skipped 0 variants.
    Prepared data for serialisation in 0.00s
  Pass  (vp, d3d11) finished in 0.00 seconds. Local cache hits 1 (0.00s CPU time), remote cache hits 0 (0.00s CPU time), compiled 0 variants (0.00s CPU time), skipped 0 variants.
    Prepared data for serialisation in 0.00s
  Pass  (fp, d3d11) finished in 0.00 seconds. Local cache hits 1 (0.00s CPU time), remote cache hits 0 (0.00s CPU time), compiled 0 variants (0.00s CPU time), skipped 0 variants.
    Prepared data for serialisation in 0.00s
Serialized binary data for shader Hidden/Internal-GUITexture in 0.00s
    d3d11 (total internal programs: 4, unique: 2)
Compiling shader "Hidden/Internal-GUITextureBlit"
  Pass "" (vp)
    Target graphics API: d3d11
    Full variant space:         1
    After settings filtering:   1
    After built-in stripping:   1
    After scriptable stripping: 1
    Processed in 0.00 seconds
  Pass "" (fp)
    Target graphics API: d3d11
    Full variant space:         1
    After settings filtering:   1
    After built-in stripping:   1
    After scriptable stripping: 1
    Processed in 0.00 seconds
  Pass "" (vp)
    Target graphics API: d3d11
    Full variant space:         1
    After settings filtering:   1
    After built-in stripping:   1
    After scriptable stripping: 1
    Processed in 0.00 seconds
  Pass "" (fp)
    Target graphics API: d3d11
    Full variant space:         1
    After settings filtering:   1
    After built-in stripping:   1
    After scriptable stripping: 1
    Processed in 0.00 seconds
  Pass  (vp, d3d11) finished in 0.00 seconds. Local cache hits 1 (0.00s CPU time), remote cache hits 0 (0.00s CPU time), compiled 0 variants (0.00s CPU time), skipped 0 variants.
    Prepared data for serialisation in 0.00s
  Pass  (fp, d3d11) finished in 0.00 seconds. Local cache hits 1 (0.00s CPU time), remote cache hits 0 (0.00s CPU time), compiled 0 variants (0.00s CPU time), skipped 0 variants.
    Prepared data for serialisation in 0.00s
  Pass  (vp, d3d11) finished in 0.00 seconds. Local cache hits 1 (0.00s CPU time), remote cache hits 0 (0.00s CPU time), compiled 0 variants (0.00s CPU time), skipped 0 variants.
    Prepared data for serialisation in 0.00s
  Pass  (fp, d3d11) finished in 0.00 seconds. Local cache hits 1 (0.00s CPU time), remote cache hits 0 (0.00s CPU time), compiled 0 variants (0.00s CPU time), skipped 0 variants.
    Prepared data for serialisation in 0.00s
Serialized binary data for shader Hidden/Internal-GUITextureBlit in 0.00s
    d3d11 (total internal programs: 4, unique: 2)
Compiling shader "Hidden/Internal-GUIRoundedRect"
  Pass "" (vp)
    Target graphics API: d3d11
    Full variant space:         1
    After settings filtering:   1
    After built-in stripping:   1
    After scriptable stripping: 1
    Processed in 0.00 seconds
  Pass "" (fp)
    Target graphics API: d3d11
    Full variant space:         1
    After settings filtering:   1
    After built-in stripping:   1
    After scriptable stripping: 1
    Processed in 0.00 seconds
  Pass "" (vp)
    Target graphics API: d3d11
    Full variant space:         1
    After settings filtering:   1
    After built-in stripping:   1
    After scriptable stripping: 1
    Processed in 0.00 seconds
  Pass "" (fp)
    Target graphics API: d3d11
    Full variant space:         1
    After settings filtering:   1
    After built-in stripping:   1
    After scriptable stripping: 1
    Processed in 0.00 seconds
  Pass  (vp, d3d11) finished in 0.00 seconds. Local cache hits 1 (0.00s CPU time), remote cache hits 0 (0.00s CPU time), compiled 0 variants (0.00s CPU time), skipped 0 variants.
    Prepared data for serialisation in 0.00s
  Pass  (fp, d3d11) finished in 0.00 seconds. Local cache hits 1 (0.00s CPU time), remote cache hits 0 (0.00s CPU time), compiled 0 variants (0.00s CPU time), skipped 0 variants.
    Prepared data for serialisation in 0.00s
  Pass  (vp, d3d11) finished in 0.00 seconds. Local cache hits 1 (0.00s CPU time), remote cache hits 0 (0.00s CPU time), compiled 0 variants (0.00s CPU time), skipped 0 variants.
    Prepared data for serialisation in 0.00s
  Pass  (fp, d3d11) finished in 0.00 seconds. Local cache hits 1 (0.00s CPU time), remote cache hits 0 (0.00s CPU time), compiled 0 variants (0.00s CPU time), skipped 0 variants.
    Prepared data for serialisation in 0.00s
Serialized binary data for shader Hidden/Internal-GUIRoundedRect in 0.00s
    d3d11 (total internal programs: 4, unique: 2)
Compiling shader "Hidden/Internal-GUIRoundedRectWithColorPerBorder"
  Pass "" (vp)
    Target graphics API: d3d11
    Full variant space:         1
    After settings filtering:   1
    After built-in stripping:   1
    After scriptable stripping: 1
    Processed in 0.00 seconds
  Pass "" (fp)
    Target graphics API: d3d11
    Full variant space:         1
    After settings filtering:   1
    After built-in stripping:   1
    After scriptable stripping: 1
    Processed in 0.00 seconds
  Pass "" (vp)
    Target graphics API: d3d11
    Full variant space:         1
    After settings filtering:   1
    After built-in stripping:   1
    After scriptable stripping: 1
    Processed in 0.00 seconds
  Pass "" (fp)
    Target graphics API: d3d11
    Full variant space:         1
    After settings filtering:   1
    After built-in stripping:   1
    After scriptable stripping: 1
    Processed in 0.00 seconds
  Pass  (vp, d3d11) finished in 0.00 seconds. Local cache hits 1 (0.00s CPU time), remote cache hits 0 (0.00s CPU time), compiled 0 variants (0.00s CPU time), skipped 0 variants.
    Prepared data for serialisation in 0.00s
  Pass  (fp, d3d11) finished in 0.00 seconds. Local cache hits 1 (0.00s CPU time), remote cache hits 0 (0.00s CPU time), compiled 0 variants (0.00s CPU time), skipped 0 variants.
    Prepared data for serialisation in 0.00s
  Pass  (vp, d3d11) finished in 0.00 seconds. Local cache hits 1 (0.00s CPU time), remote cache hits 0 (0.00s CPU time), compiled 0 variants (0.00s CPU time), skipped 0 variants.
    Prepared data for serialisation in 0.00s
  Pass  (fp, d3d11) finished in 0.00 seconds. Local cache hits 1 (0.00s CPU time), remote cache hits 0 (0.00s CPU time), compiled 0 variants (0.00s CPU time), skipped 0 variants.
    Prepared data for serialisation in 0.00s
Serialized binary data for shader Hidden/Internal-GUIRoundedRectWithColorPerBorder in 0.00s
    d3d11 (total internal programs: 4, unique: 2)
Compiling shader "Hidden/Internal-UIRDefault"
  Pass "" (vp)
    Target graphics API: d3d11
    Full variant space:         40
    After settings filtering:   40
    After built-in stripping:   40
    After scriptable stripping: 40
    Processed in 0.00 seconds
  Pass "" (fp)
    Target graphics API: d3d11
    Full variant space:         40
    After settings filtering:   40
    After built-in stripping:   40
    After scriptable stripping: 40
    Processed in 0.00 seconds
  Pass  (vp, d3d11) finished in 0.02 seconds. Local cache hits 40 (0.30s CPU time), remote cache hits 0 (0.00s CPU time), compiled 0 variants (0.00s CPU time), skipped 0 variants.
    Prepared data for serialisation in 0.00s
  Pass  (fp, d3d11) finished in 0.02 seconds. Local cache hits 40 (0.19s CPU time), remote cache hits 0 (0.00s CPU time), compiled 0 variants (0.00s CPU time), skipped 0 variants.
    Prepared data for serialisation in 0.00s
Serialized binary data for shader Hidden/Internal-UIRDefault in 0.00s
    d3d11 (total internal programs: 80, unique: 80)
Compiling shader "Hidden/Internal-UIRAtlasBlitCopy"
  Pass "" (vp)
    Target graphics API: d3d11
    Full variant space:         1
    After settings filtering:   1
    After built-in stripping:   1
    After scriptable stripping: 1
    Processed in 0.00 seconds
  Pass "" (fp)
    Target graphics API: d3d11
    Full variant space:         1
    After settings filtering:   1
    After built-in stripping:   1
    After scriptable stripping: 1
    Processed in 0.00 seconds
  Pass  (vp, d3d11) finished in 0.00 seconds. Local cache hits 1 (0.00s CPU time), remote cache hits 0 (0.00s CPU time), compiled 0 variants (0.00s CPU time), skipped 0 variants.
    Prepared data for serialisation in 0.00s
  Pass  (fp, d3d11) finished in 0.00 seconds. Local cache hits 1 (0.00s CPU time), remote cache hits 0 (0.00s CPU time), compiled 0 variants (0.00s CPU time), skipped 0 variants.
    Prepared data for serialisation in 0.00s
Serialized binary data for shader Hidden/Internal-UIRAtlasBlitCopy in 0.00s
    d3d11 (total internal programs: 2, unique: 2)
Compiling shader "Sprites/Default"
  Pass "" (vp)
    Target graphics API: d3d11
    Full variant space:         8
    After settings filtering:   8
    After built-in stripping:   4
    After scriptable stripping: 4
    Processed in 0.00 seconds
  Pass "" (fp)
    Target graphics API: d3d11
    Full variant space:         8
    After settings filtering:   8
    After built-in stripping:   4
    After scriptable stripping: 4
    Processed in 0.00 seconds
  Pass  (vp, d3d11) finished in 0.00 seconds. Local cache hits 4 (0.00s CPU time), remote cache hits 0 (0.00s CPU time), compiled 0 variants (0.00s CPU time), skipped 0 variants.
    Prepared data for serialisation in 0.00s
  Pass  (fp, d3d11) finished in 0.01 seconds. Local cache hits 4 (0.01s CPU time), remote cache hits 0 (0.00s CPU time), compiled 0 variants (0.00s CPU time), skipped 0 variants.
    Prepared data for serialisation in 0.00s
Serialized binary data for shader Sprites/Default in 0.00s
    d3d11 (total internal programs: 8, unique: 8)
Compiling shader "Sprites/Mask"
  Pass "" (vp)
    Target graphics API: d3d11
    Full variant space:         4
    After settings filtering:   4
    After built-in stripping:   4
    After scriptable stripping: 4
    Processed in 0.00 seconds
  Pass "" (fp)
    Target graphics API: d3d11
    Full variant space:         4
    After settings filtering:   4
    After built-in stripping:   4
    After scriptable stripping: 4
    Processed in 0.00 seconds
  Pass  (vp, d3d11) finished in 0.01 seconds. Local cache hits 4 (0.01s CPU time), remote cache hits 0 (0.00s CPU time), compiled 0 variants (0.00s CPU time), skipped 0 variants.
    Prepared data for serialisation in 0.00s
  Pass  (fp, d3d11) finished in 0.01 seconds. Local cache hits 4 (0.01s CPU time), remote cache hits 0 (0.00s CPU time), compiled 0 variants (0.00s CPU time), skipped 0 variants.
    Prepared data for serialisation in 0.00s
Serialized binary data for shader Sprites/Mask in 0.00s
    d3d11 (total internal programs: 8, unique: 8)
Compiling shader "UI/Default"
  Pass "Default" (vp)
    Target graphics API: d3d11
    Full variant space:         4
    After settings filtering:   4
    After built-in stripping:   4
    After scriptable stripping: 4
    Processed in 0.00 seconds
  Pass "Default" (fp)
    Target graphics API: d3d11
    Full variant space:         4
    After settings filtering:   4
    After built-in stripping:   4
    After scriptable stripping: 4
    Processed in 0.00 seconds
  Pass Default (vp, d3d11) finished in 0.01 seconds. Local cache hits 4 (0.01s CPU time), remote cache hits 0 (0.00s CPU time), compiled 0 variants (0.00s CPU time), skipped 0 variants.
    Prepared data for serialisation in 0.00s
  Pass Default (fp, d3d11) finished in 0.01 seconds. Local cache hits 4 (0.01s CPU time), remote cache hits 0 (0.00s CPU time), compiled 0 variants (0.00s CPU time), skipped 0 variants.
    Prepared data for serialisation in 0.00s
Serialized binary data for shader UI/Default in 0.00s
    d3d11 (total internal programs: 8, unique: 8)
Compiling shader "UI/DefaultETC1"
  Pass "Default" (vp)
    Target graphics API: d3d11
    Full variant space:         4
    After settings filtering:   4
    After built-in stripping:   4
    After scriptable stripping: 4
    Processed in 0.00 seconds
  Pass "Default" (fp)
    Target graphics API: d3d11
    Full variant space:         4
    After settings filtering:   4
    After built-in stripping:   4
    After scriptable stripping: 4
    Processed in 0.00 seconds
  Pass Default (vp, d3d11) finished in 0.00 seconds. Local cache hits 4 (0.01s CPU time), remote cache hits 0 (0.00s CPU time), compiled 0 variants (0.00s CPU time), skipped 0 variants.
    Prepared data for serialisation in 0.00s
  Pass Default (fp, d3d11) finished in 0.01 seconds. Local cache hits 4 (0.03s CPU time), remote cache hits 0 (0.00s CPU time), compiled 0 variants (0.00s CPU time), skipped 0 variants.
    Prepared data for serialisation in 0.00s
Serialized binary data for shader UI/DefaultETC1 in 0.00s
    d3d11 (total internal programs: 8, unique: 8)
Compiling shader "Hidden/CubeBlur"
  Pass "" (vp)
    Target graphics API: d3d11
    Full variant space:         1
    After settings filtering:   1
    After built-in stripping:   1
    After scriptable stripping: 1
    Processed in 0.00 seconds
  Pass "" (fp)
    Target graphics API: d3d11
    Full variant space:         1
    After settings filtering:   1
    After built-in stripping:   1
    After scriptable stripping: 1
    Processed in 0.00 seconds
  Pass "" (vp)
    Target graphics API: d3d11
    Full variant space:         1
    After settings filtering:   1
    After built-in stripping:   1
    After scriptable stripping: 1
    Processed in 0.00 seconds
  Pass "" (fp)
    Target graphics API: d3d11
    Full variant space:         1
    After settings filtering:   1
    After built-in stripping:   1
    After scriptable stripping: 1
    Processed in 0.00 seconds
  Pass  (vp, d3d11) finished in 0.01 seconds. Local cache hits 1 (0.01s CPU time), remote cache hits 0 (0.00s CPU time), compiled 0 variants (0.00s CPU time), skipped 0 variants.
    Prepared data for serialisation in 0.00s
  Pass  (fp, d3d11) finished in 0.01 seconds. Local cache hits 1 (0.01s CPU time), remote cache hits 0 (0.00s CPU time), compiled 0 variants (0.00s CPU time), skipped 0 variants.
    Prepared data for serialisation in 0.00s
  Pass  (vp, d3d11) finished in 0.01 seconds. Local cache hits 1 (0.01s CPU time), remote cache hits 0 (0.00s CPU time), compiled 0 variants (0.00s CPU time), skipped 0 variants.
    Prepared data for serialisation in 0.00s
  Pass  (fp, d3d11) finished in 0.01 seconds. Local cache hits 1 (0.00s CPU time), remote cache hits 0 (0.00s CPU time), compiled 0 variants (0.00s CPU time), skipped 0 variants.
    Prepared data for serialisation in 0.00s
Serialized binary data for shader Hidden/CubeBlur in 0.00s
    d3d11 (total internal programs: 4, unique: 3)
Compiling shader "Hidden/CubeCopy"
  Pass "" (vp)
    Target graphics API: d3d11
    Full variant space:         1
    After settings filtering:   1
    After built-in stripping:   1
    After scriptable stripping: 1
    Processed in 0.00 seconds
  Pass "" (fp)
    Target graphics API: d3d11
    Full variant space:         1
    After settings filtering:   1
    After built-in stripping:   1
    After scriptable stripping: 1
    Processed in 0.00 seconds
  Pass "" (vp)
    Target graphics API: d3d11
    Full variant space:         1
    After settings filtering:   1
    After built-in stripping:   1
    After scriptable stripping: 1
    Processed in 0.00 seconds
  Pass "" (fp)
    Target graphics API: d3d11
    Full variant space:         1
    After settings filtering:   1
    After built-in stripping:   1
    After scriptable stripping: 1
    Processed in 0.00 seconds
  Pass  (vp, d3d11) finished in 0.00 seconds. Local cache hits 1 (0.00s CPU time), remote cache hits 0 (0.00s CPU time), compiled 0 variants (0.00s CPU time), skipped 0 variants.
    Prepared data for serialisation in 0.00s
  Pass  (fp, d3d11) finished in 0.00 seconds. Local cache hits 1 (0.00s CPU time), remote cache hits 0 (0.00s CPU time), compiled 0 variants (0.00s CPU time), skipped 0 variants.
    Prepared data for serialisation in 0.00s
  Pass  (vp, d3d11) finished in 0.00 seconds. Local cache hits 1 (0.00s CPU time), remote cache hits 0 (0.00s CPU time), compiled 0 variants (0.00s CPU time), skipped 0 variants.
    Prepared data for serialisation in 0.00s
  Pass  (fp, d3d11) finished in 0.00 seconds. Local cache hits 1 (0.00s CPU time), remote cache hits 0 (0.00s CPU time), compiled 0 variants (0.00s CPU time), skipped 0 variants.
    Prepared data for serialisation in 0.00s
Serialized binary data for shader Hidden/CubeCopy in 0.00s
    d3d11 (total internal programs: 4, unique: 2)
Compiling shader "Hidden/CubeBlend"
  Pass "" (vp)
    Target graphics API: d3d11
    Full variant space:         1
    After settings filtering:   1
    After built-in stripping:   1
    After scriptable stripping: 1
    Processed in 0.00 seconds
  Pass "" (fp)
    Target graphics API: d3d11
    Full variant space:         1
    After settings filtering:   1
    After built-in stripping:   1
    After scriptable stripping: 1
    Processed in 0.00 seconds
  Pass "" (vp)
    Target graphics API: d3d11
    Full variant space:         1
    After settings filtering:   1
    After built-in stripping:   1
    After scriptable stripping: 1
    Processed in 0.00 seconds
  Pass "" (fp)
    Target graphics API: d3d11
    Full variant space:         1
    After settings filtering:   1
    After built-in stripping:   1
    After scriptable stripping: 1
    Processed in 0.00 seconds
  Pass  (vp, d3d11) finished in 0.00 seconds. Local cache hits 1 (0.00s CPU time), remote cache hits 0 (0.00s CPU time), compiled 0 variants (0.00s CPU time), skipped 0 variants.
    Prepared data for serialisation in 0.00s
  Pass  (fp, d3d11) finished in 0.00 seconds. Local cache hits 1 (0.00s CPU time), remote cache hits 0 (0.00s CPU time), compiled 0 variants (0.00s CPU time), skipped 0 variants.
    Prepared data for serialisation in 0.00s
  Pass  (vp, d3d11) finished in 0.00 seconds. Local cache hits 1 (0.00s CPU time), remote cache hits 0 (0.00s CPU time), compiled 0 variants (0.00s CPU time), skipped 0 variants.
    Prepared data for serialisation in 0.00s
  Pass  (fp, d3d11) finished in 0.00 seconds. Local cache hits 1 (0.00s CPU time), remote cache hits 0 (0.00s CPU time), compiled 0 variants (0.00s CPU time), skipped 0 variants.
    Prepared data for serialisation in 0.00s
Serialized binary data for shader Hidden/CubeBlend in 0.00s
    d3d11 (total internal programs: 4, unique: 2)
Compiling shader "Hidden/VR/BlitTexArraySlice"
  Pass "" (vp)
    Target graphics API: d3d11
    Full variant space:         1
    After settings filtering:   1
    After built-in stripping:   1
    After scriptable stripping: 1
    Processed in 0.00 seconds
  Pass "" (fp)
    Target graphics API: d3d11
    Full variant space:         1
    After settings filtering:   1
    After built-in stripping:   1
    After scriptable stripping: 1
    Processed in 0.00 seconds
  Pass  (vp, d3d11) finished in 0.00 seconds. Local cache hits 1 (0.00s CPU time), remote cache hits 0 (0.00s CPU time), compiled 0 variants (0.00s CPU time), skipped 0 variants.
    Prepared data for serialisation in 0.00s
  Pass  (fp, d3d11) finished in 0.00 seconds. Local cache hits 1 (0.00s CPU time), remote cache hits 0 (0.00s CPU time), compiled 0 variants (0.00s CPU time), skipped 0 variants.
    Prepared data for serialisation in 0.00s
Serialized binary data for shader Hidden/VR/BlitTexArraySlice in 0.00s
    d3d11 (total internal programs: 2, unique: 2)
Compiling shader "Hidden/Internal-ODSWorldTexture"
  Pass "" (vp)
    Target graphics API: d3d11
    Full variant space:         1
    After settings filtering:   1
    After built-in stripping:   1
    After scriptable stripping: 1
    Processed in 0.00 seconds
  Pass "" (fp)
    Target graphics API: d3d11
    Full variant space:         1
    After settings filtering:   1
    After built-in stripping:   1
    After scriptable stripping: 1
    Processed in 0.00 seconds
  Pass "" (vp)
    Target graphics API: d3d11
    Full variant space:         1
    After settings filtering:   1
    After built-in stripping:   1
    After scriptable stripping: 1
    Processed in 0.00 seconds
  Pass "" (fp)
    Target graphics API: d3d11
    Full variant space:         1
    After settings filtering:   1
    After built-in stripping:   1
    After scriptable stripping: 1
    Processed in 0.00 seconds
  Pass "" (vp)
    Target graphics API: d3d11
    Full variant space:         1
    After settings filtering:   1
    After built-in stripping:   1
    After scriptable stripping: 1
    Processed in 0.00 seconds
  Pass "" (fp)
    Target graphics API: d3d11
    Full variant space:         1
    After settings filtering:   1
    After built-in stripping:   1
    After scriptable stripping: 1
    Processed in 0.00 seconds
  Pass "" (vp)
    Target graphics API: d3d11
    Full variant space:         1
    After settings filtering:   1
    After built-in stripping:   1
    After scriptable stripping: 1
    Processed in 0.00 seconds
  Pass "" (fp)
    Target graphics API: d3d11
    Full variant space:         1
    After settings filtering:   1
    After built-in stripping:   1
    After scriptable stripping: 1
    Processed in 0.00 seconds
  Pass "" (vp)
    Target graphics API: d3d11
    Full variant space:         1
    After settings filtering:   1
    After built-in stripping:   1
    After scriptable stripping: 1
    Processed in 0.00 seconds
  Pass "" (fp)
    Target graphics API: d3d11
    Full variant space:         1
    After settings filtering:   1
    After built-in stripping:   1
    After scriptable stripping: 1
    Processed in 0.00 seconds
  Pass "" (vp)
    Target graphics API: d3d11
    Full variant space:         1
    After settings filtering:   1
    After built-in stripping:   1
    After scriptable stripping: 1
    Processed in 0.00 seconds
  Pass "" (fp)
    Target graphics API: d3d11
    Full variant space:         1
    After settings filtering:   1
    After built-in stripping:   1
    After scriptable stripping: 1
    Processed in 0.00 seconds
  Pass "" (vp)
    Target graphics API: d3d11
    Full variant space:         1
    After settings filtering:   1
    After built-in stripping:   1
    After scriptable stripping: 1
    Processed in 0.00 seconds
  Pass "" (fp)
    Target graphics API: d3d11
    Full variant space:         1
    After settings filtering:   1
    After built-in stripping:   1
    After scriptable stripping: 1
    Processed in 0.00 seconds
  Pass "" (vp)
    Target graphics API: d3d11
    Full variant space:         1
    After settings filtering:   1
    After built-in stripping:   1
    After scriptable stripping: 1
    Processed in 0.00 seconds
  Pass "" (fp)
    Target graphics API: d3d11
    Full variant space:         1
    After settings filtering:   1
    After built-in stripping:   1
    After scriptable stripping: 1
    Processed in 0.00 seconds
  Pass "" (vp)
    Target graphics API: d3d11
    Full variant space:         1
    After settings filtering:   1
    After built-in stripping:   1
    After scriptable stripping: 1
    Processed in 0.00 seconds
  Pass "" (fp)
    Target graphics API: d3d11
    Full variant space:         1
    After settings filtering:   1
    After built-in stripping:   1
    After scriptable stripping: 1
    Processed in 0.00 seconds
  Pass "" (vp)
    Target graphics API: d3d11
    Full variant space:         1
    After settings filtering:   1
    After built-in stripping:   1
    After scriptable stripping: 1
    Processed in 0.00 seconds
  Pass "" (fp)
    Target graphics API: d3d11
    Full variant space:         1
    After settings filtering:   1
    After built-in stripping:   1
    After scriptable stripping: 1
    Processed in 0.00 seconds
  Pass  (vp, d3d11) finished in 0.00 seconds. Local cache hits 1 (0.00s CPU time), remote cache hits 0 (0.00s CPU time), compiled 0 variants (0.00s CPU time), skipped 0 variants.
    Prepared data for serialisation in 0.00s
  Pass  (fp, d3d11) finished in 0.00 seconds. Local cache hits 1 (0.00s CPU time), remote cache hits 0 (0.00s CPU time), compiled 0 variants (0.00s CPU time), skipped 0 variants.
    Prepared data for serialisation in 0.00s
  Pass  (vp, d3d11) finished in 0.00 seconds. Local cache hits 1 (0.00s CPU time), remote cache hits 0 (0.00s CPU time), compiled 0 variants (0.00s CPU time), skipped 0 variants.
    Prepared data for serialisation in 0.00s
  Pass  (fp, d3d11) finished in 0.01 seconds. Local cache hits 1 (0.01s CPU time), remote cache hits 0 (0.00s CPU time), compiled 0 variants (0.00s CPU time), skipped 0 variants.
    Prepared data for serialisation in 0.00s
  Pass  (vp, d3d11) finished in 0.01 seconds. Local cache hits 1 (0.01s CPU time), remote cache hits 0 (0.00s CPU time), compiled 0 variants (0.00s CPU time), skipped 0 variants.
    Prepared data for serialisation in 0.00s
  Pass  (fp, d3d11) finished in 0.01 seconds. Local cache hits 1 (0.00s CPU time), remote cache hits 0 (0.00s CPU time), compiled 0 variants (0.00s CPU time), skipped 0 variants.
    Prepared data for serialisation in 0.00s
  Pass  (vp, d3d11) finished in 0.01 seconds. Local cache hits 1 (0.00s CPU time), remote cache hits 0 (0.00s CPU time), compiled 0 variants (0.00s CPU time), skipped 0 variants.
    Prepared data for serialisation in 0.00s
  Pass  (fp, d3d11) finished in 0.01 seconds. Local cache hits 1 (0.01s CPU time), remote cache hits 0 (0.00s CPU time), compiled 0 variants (0.00s CPU time), skipped 0 variants.
    Prepared data for serialisation in 0.00s
  Pass  (vp, d3d11) finished in 0.01 seconds. Local cache hits 1 (0.00s CPU time), remote cache hits 0 (0.00s CPU time), compiled 0 variants (0.00s CPU time), skipped 0 variants.
    Prepared data for serialisation in 0.00s
  Pass  (fp, d3d11) finished in 0.01 seconds. Local cache hits 1 (0.00s CPU time), remote cache hits 0 (0.00s CPU time), compiled 0 variants (0.00s CPU time), skipped 0 variants.
    Prepared data for serialisation in 0.00s
  Pass  (vp, d3d11) finished in 0.01 seconds. Local cache hits 1 (0.00s CPU time), remote cache hits 0 (0.00s CPU time), compiled 0 variants (0.00s CPU time), skipped 0 variants.
    Prepared data for serialisation in 0.00s
  Pass  (fp, d3d11) finished in 0.01 seconds. Local cache hits 1 (0.00s CPU time), remote cache hits 0 (0.00s CPU time), compiled 0 variants (0.00s CPU time), skipped 0 variants.
    Prepared data for serialisation in 0.00s
  Pass  (vp, d3d11) finished in 0.01 seconds. Local cache hits 1 (0.00s CPU time), remote cache hits 0 (0.00s CPU time), compiled 0 variants (0.00s CPU time), skipped 0 variants.
    Prepared data for serialisation in 0.00s
  Pass  (fp, d3d11) finished in 0.01 seconds. Local cache hits 1 (0.00s CPU time), remote cache hits 0 (0.00s CPU time), compiled 0 variants (0.00s CPU time), skipped 0 variants.
    Prepared data for serialisation in 0.00s
  Pass  (vp, d3d11) finished in 0.00 seconds. Local cache hits 1 (0.00s CPU time), remote cache hits 0 (0.00s CPU time), compiled 0 variants (0.00s CPU time), skipped 0 variants.
    Prepared data for serialisation in 0.00s
  Pass  (fp, d3d11) finished in 0.00 seconds. Local cache hits 1 (0.00s CPU time), remote cache hits 0 (0.00s CPU time), compiled 0 variants (0.00s CPU time), skipped 0 variants.
    Prepared data for serialisation in 0.00s
  Pass  (vp, d3d11) finished in 0.00 seconds. Local cache hits 1 (0.00s CPU time), remote cache hits 0 (0.00s CPU time), compiled 0 variants (0.00s CPU time), skipped 0 variants.
    Prepared data for serialisation in 0.00s
  Pass  (fp, d3d11) finished in 0.00 seconds. Local cache hits 1 (0.00s CPU time), remote cache hits 0 (0.00s CPU time), compiled 0 variants (0.00s CPU time), skipped 0 variants.
    Prepared data for serialisation in 0.00s
  Pass  (vp, d3d11) finished in 0.01 seconds. Local cache hits 1 (0.01s CPU time), remote cache hits 0 (0.00s CPU time), compiled 0 variants (0.00s CPU time), skipped 0 variants.
    Prepared data for serialisation in 0.00s
  Pass  (fp, d3d11) finished in 0.01 seconds. Local cache hits 1 (0.00s CPU time), remote cache hits 0 (0.00s CPU time), compiled 0 variants (0.00s CPU time), skipped 0 variants.
    Prepared data for serialisation in 0.00s
Serialized binary data for shader Hidden/Internal-ODSWorldTexture in 0.00s
    d3d11 (total internal programs: 20, unique: 15)
Compiling shader "Hidden/Internal-CubemapToEquirect"
  Pass "" (vp)
    Target graphics API: d3d11
    Full variant space:         1
    After settings filtering:   1
    After built-in stripping:   1
    After scriptable stripping: 1
    Processed in 0.00 seconds
  Pass "" (fp)
    Target graphics API: d3d11
    Full variant space:         1
    After settings filtering:   1
    After built-in stripping:   1
    After scriptable stripping: 1
    Processed in 0.00 seconds
  Pass  (vp, d3d11) finished in 0.00 seconds. Local cache hits 1 (0.00s CPU time), remote cache hits 0 (0.00s CPU time), compiled 0 variants (0.00s CPU time), skipped 0 variants.
    Prepared data for serialisation in 0.00s
  Pass  (fp, d3d11) finished in 0.00 seconds. Local cache hits 1 (0.00s CPU time), remote cache hits 0 (0.00s CPU time), compiled 0 variants (0.00s CPU time), skipped 0 variants.
    Prepared data for serialisation in 0.00s
Serialized binary data for shader Hidden/Internal-CubemapToEquirect in 0.00s
    d3d11 (total internal programs: 2, unique: 2)
Compiling shader "Hidden/VR/BlitFromTex2DToTexArraySlice"
  Pass "" (vp)
    Target graphics API: d3d11
    Full variant space:         1
    After settings filtering:   1
    After built-in stripping:   1
    After scriptable stripping: 1
    Processed in 0.00 seconds
  Pass "" (fp)
    Target graphics API: d3d11
    Full variant space:         1
    After settings filtering:   1
    After built-in stripping:   1
    After scriptable stripping: 1
    Processed in 0.00 seconds
  Pass "" (vp)
    Target graphics API: d3d11
    Full variant space:         1
    After settings filtering:   1
    After built-in stripping:   1
    After scriptable stripping: 1
    Processed in 0.00 seconds
  Pass "" (fp)
    Target graphics API: d3d11
    Full variant space:         1
    After settings filtering:   1
    After built-in stripping:   1
    After scriptable stripping: 1
    Processed in 0.00 seconds
  Pass "" (gp)
    Target graphics API: d3d11
    Full variant space:         1
    After settings filtering:   1
    After built-in stripping:   1
    After scriptable stripping: 1
    Processed in 0.00 seconds
  Pass  (vp, d3d11) finished in 0.01 seconds. Local cache hits 1 (0.01s CPU time), remote cache hits 0 (0.00s CPU time), compiled 0 variants (0.00s CPU time), skipped 0 variants.
    Prepared data for serialisation in 0.00s
  Pass  (fp, d3d11) finished in 0.01 seconds. Local cache hits 1 (0.00s CPU time), remote cache hits 0 (0.00s CPU time), compiled 0 variants (0.00s CPU time), skipped 0 variants.
    Prepared data for serialisation in 0.00s
  Pass  (vp, d3d11) finished in 0.01 seconds. Local cache hits 1 (0.00s CPU time), remote cache hits 0 (0.00s CPU time), compiled 0 variants (0.00s CPU time), skipped 0 variants.
    Prepared data for serialisation in 0.00s
  Pass  (fp, d3d11) finished in 0.01 seconds. Local cache hits 1 (0.00s CPU time), remote cache hits 0 (0.00s CPU time), compiled 0 variants (0.00s CPU time), skipped 0 variants.
    Prepared data for serialisation in 0.00s
  Pass  (gp, d3d11) finished in 0.01 seconds. Local cache hits 1 (0.00s CPU time), remote cache hits 0 (0.00s CPU time), compiled 0 variants (0.00s CPU time), skipped 0 variants.
    Prepared data for serialisation in 0.00s
Serialized binary data for shader Hidden/VR/BlitFromTex2DToTexArraySlice in 0.00s
    d3d11 (total internal programs: 5, unique: 5)
Compiling shader "Hidden/VideoComposite"
  Pass "Default" (vp)
    Target graphics API: d3d11
    Full variant space:         1
    After settings filtering:   1
    After built-in stripping:   1
    After scriptable stripping: 1
    Processed in 0.00 seconds
  Pass "Default" (fp)
    Target graphics API: d3d11
    Full variant space:         1
    After settings filtering:   1
    After built-in stripping:   1
    After scriptable stripping: 1
    Processed in 0.00 seconds
  Pass Default (vp, d3d11) finished in 0.00 seconds. Local cache hits 1 (0.00s CPU time), remote cache hits 0 (0.00s CPU time), compiled 0 variants (0.00s CPU time), skipped 0 variants.
    Prepared data for serialisation in 0.00s
  Pass Default (fp, d3d11) finished in 0.01 seconds. Local cache hits 1 (0.01s CPU time), remote cache hits 0 (0.00s CPU time), compiled 0 variants (0.00s CPU time), skipped 0 variants.
    Prepared data for serialisation in 0.00s
Serialized binary data for shader Hidden/VideoComposite in 0.00s
    d3d11 (total internal programs: 2, unique: 2)
Compiling shader "Hidden/VideoDecode"
  Pass "YCbCr_To_RGB1" (vp)
    Target graphics API: d3d11
    Full variant space:         2
    After settings filtering:   2
    After built-in stripping:   2
    After scriptable stripping: 2
    Processed in 0.00 seconds
  Pass "YCbCr_To_RGB1" (fp)
    Target graphics API: d3d11
    Full variant space:         2
    After settings filtering:   2
    After built-in stripping:   2
    After scriptable stripping: 2
    Processed in 0.00 seconds
  Pass "YCbCrA_To_RGBAFull" (vp)
    Target graphics API: d3d11
    Full variant space:         2
    After settings filtering:   2
    After built-in stripping:   2
    After scriptable stripping: 2
    Processed in 0.00 seconds
  Pass "YCbCrA_To_RGBAFull" (fp)
    Target graphics API: d3d11
    Full variant space:         2
    After settings filtering:   2
    After built-in stripping:   2
    After scriptable stripping: 2
    Processed in 0.00 seconds
  Pass "YCbCrA_To_RGBA" (vp)
    Target graphics API: d3d11
    Full variant space:         2
    After settings filtering:   2
    After built-in stripping:   2
    After scriptable stripping: 2
    Processed in 0.00 seconds
  Pass "YCbCrA_To_RGBA" (fp)
    Target graphics API: d3d11
    Full variant space:         2
    After settings filtering:   2
    After built-in stripping:   2
    After scriptable stripping: 2
    Processed in 0.00 seconds
  Pass "Flip_RGBA_To_RGBA" (vp)
    Target graphics API: d3d11
    Full variant space:         2
    After settings filtering:   2
    After built-in stripping:   2
    After scriptable stripping: 2
    Processed in 0.00 seconds
  Pass "Flip_RGBA_To_RGBA" (fp)
    Target graphics API: d3d11
    Full variant space:         2
    After settings filtering:   2
    After built-in stripping:   2
    After scriptable stripping: 2
    Processed in 0.00 seconds
  Pass "Flip_RGBASplit_To_RGBA" (vp)
    Target graphics API: d3d11
    Full variant space:         2
    After settings filtering:   2
    After built-in stripping:   2
    After scriptable stripping: 2
    Processed in 0.00 seconds
  Pass "Flip_RGBASplit_To_RGBA" (fp)
    Target graphics API: d3d11
    Full variant space:         2
    After settings filtering:   2
    After built-in stripping:   2
    After scriptable stripping: 2
    Processed in 0.00 seconds
  Pass "Flip_NV12_To_RGB1" (vp)
    Target graphics API: d3d11
    Full variant space:         2
    After settings filtering:   2
    After built-in stripping:   2
    After scriptable stripping: 2
    Processed in 0.00 seconds
  Pass "Flip_NV12_To_RGB1" (fp)
    Target graphics API: d3d11
    Full variant space:         2
    After settings filtering:   2
    After built-in stripping:   2
    After scriptable stripping: 2
    Processed in 0.00 seconds
  Pass "Flip_NV12_To_RGBA" (vp)
    Target graphics API: d3d11
    Full variant space:         2
    After settings filtering:   2
    After built-in stripping:   2
    After scriptable stripping: 2
    Processed in 0.00 seconds
  Pass "Flip_NV12_To_RGBA" (fp)
    Target graphics API: d3d11
    Full variant space:         2
    After settings filtering:   2
    After built-in stripping:   2
    After scriptable stripping: 2
    Processed in 0.00 seconds
  Pass "Flip_P010_To_RGB1" (vp)
    Target graphics API: d3d11
    Full variant space:         1
    After settings filtering:   1
    After built-in stripping:   1
    After scriptable stripping: 1
    Processed in 0.00 seconds
  Pass "Flip_P010_To_RGB1" (fp)
    Target graphics API: d3d11
    Full variant space:         1
    After settings filtering:   1
    After built-in stripping:   1
    After scriptable stripping: 1
    Processed in 0.00 seconds
  Pass YCbCr_To_RGB1 (vp, d3d11) finished in 0.00 seconds. Local cache hits 2 (0.00s CPU time), remote cache hits 0 (0.00s CPU time), compiled 0 variants (0.00s CPU time), skipped 0 variants.
    Prepared data for serialisation in 0.00s
  Pass YCbCr_To_RGB1 (fp, d3d11) finished in 0.00 seconds. Local cache hits 2 (0.00s CPU time), remote cache hits 0 (0.00s CPU time), compiled 0 variants (0.00s CPU time), skipped 0 variants.
    Prepared data for serialisation in 0.00s
  Pass YCbCrA_To_RGBAFull (vp, d3d11) finished in 0.00 seconds. Local cache hits 2 (0.00s CPU time), remote cache hits 0 (0.00s CPU time), compiled 0 variants (0.00s CPU time), skipped 0 variants.
    Prepared data for serialisation in 0.00s
  Pass YCbCrA_To_RGBAFull (fp, d3d11) finished in 0.01 seconds. Local cache hits 2 (0.01s CPU time), remote cache hits 0 (0.00s CPU time), compiled 0 variants (0.00s CPU time), skipped 0 variants.
    Prepared data for serialisation in 0.00s
  Pass YCbCrA_To_RGBA (vp, d3d11) finished in 0.01 seconds. Local cache hits 2 (0.00s CPU time), remote cache hits 0 (0.00s CPU time), compiled 0 variants (0.00s CPU time), skipped 0 variants.
    Prepared data for serialisation in 0.00s
  Pass YCbCrA_To_RGBA (fp, d3d11) finished in 0.01 seconds. Local cache hits 2 (0.01s CPU time), remote cache hits 0 (0.00s CPU time), compiled 0 variants (0.00s CPU time), skipped 0 variants.
    Prepared data for serialisation in 0.00s
  Pass Flip_RGBA_To_RGBA (vp, d3d11) finished in 0.01 seconds. Local cache hits 2 (0.01s CPU time), remote cache hits 0 (0.00s CPU time), compiled 0 variants (0.00s CPU time), skipped 0 variants.
    Prepared data for serialisation in 0.00s
  Pass Flip_RGBA_To_RGBA (fp, d3d11) finished in 0.01 seconds. Local cache hits 2 (0.01s CPU time), remote cache hits 0 (0.00s CPU time), compiled 0 variants (0.00s CPU time), skipped 0 variants.
    Prepared data for serialisation in 0.00s
  Pass Flip_RGBASplit_To_RGBA (vp, d3d11) finished in 0.01 seconds. Local cache hits 2 (0.01s CPU time), remote cache hits 0 (0.00s CPU time), compiled 0 variants (0.00s CPU time), skipped 0 variants.
    Prepared data for serialisation in 0.00s
  Pass Flip_RGBASplit_To_RGBA (fp, d3d11) finished in 0.01 seconds. Local cache hits 2 (0.00s CPU time), remote cache hits 0 (0.00s CPU time), compiled 0 variants (0.00s CPU time), skipped 0 variants.
    Prepared data for serialisation in 0.00s
  Pass Flip_NV12_To_RGB1 (vp, d3d11) finished in 0.01 seconds. Local cache hits 2 (0.01s CPU time), remote cache hits 0 (0.00s CPU time), compiled 0 variants (0.00s CPU time), skipped 0 variants.
    Prepared data for serialisation in 0.00s
  Pass Flip_NV12_To_RGB1 (fp, d3d11) finished in 0.01 seconds. Local cache hits 2 (0.01s CPU time), remote cache hits 0 (0.00s CPU time), compiled 0 variants (0.00s CPU time), skipped 0 variants.
    Prepared data for serialisation in 0.00s
  Pass Flip_NV12_To_RGBA (vp, d3d11) finished in 0.01 seconds. Local cache hits 2 (0.01s CPU time), remote cache hits 0 (0.00s CPU time), compiled 0 variants (0.00s CPU time), skipped 0 variants.
    Prepared data for serialisation in 0.00s
  Pass Flip_NV12_To_RGBA (fp, d3d11) finished in 0.01 seconds. Local cache hits 2 (0.01s CPU time), remote cache hits 0 (0.00s CPU time), compiled 0 variants (0.00s CPU time), skipped 0 variants.
    Prepared data for serialisation in 0.00s
  Pass Flip_P010_To_RGB1 (vp, d3d11) finished in 0.01 seconds. Local cache hits 1 (0.01s CPU time), remote cache hits 0 (0.00s CPU time), compiled 0 variants (0.00s CPU time), skipped 0 variants.
    Prepared data for serialisation in 0.00s
  Pass Flip_P010_To_RGB1 (fp, d3d11) finished in 0.01 seconds. Local cache hits 1 (0.01s CPU time), remote cache hits 0 (0.00s CPU time), compiled 0 variants (0.00s CPU time), skipped 0 variants.
    Prepared data for serialisation in 0.00s
Serialized binary data for shader Hidden/VideoDecode in 0.00s
    d3d11 (total internal programs: 30, unique: 19)
Compiling shader "Hidden/TextCore/Distance Field SSD"
  Pass "" (vp)
    Target graphics API: d3d11
    Full variant space:         1
    After settings filtering:   1
    After built-in stripping:   1
    After scriptable stripping: 1
    Processed in 0.00 seconds
  Pass "" (fp)
    Target graphics API: d3d11
    Full variant space:         1
    After settings filtering:   1
    After built-in stripping:   1
    After scriptable stripping: 1
    Processed in 0.00 seconds
  Pass  (vp, d3d11) finished in 0.00 seconds. Local cache hits 1 (0.00s CPU time), remote cache hits 0 (0.00s CPU time), compiled 0 variants (0.00s CPU time), skipped 0 variants.
    Prepared data for serialisation in 0.00s
  Pass  (fp, d3d11) finished in 0.00 seconds. Local cache hits 1 (0.00s CPU time), remote cache hits 0 (0.00s CPU time), compiled 0 variants (0.00s CPU time), skipped 0 variants.
    Prepared data for serialisation in 0.00s
Serialized binary data for shader Hidden/TextCore/Distance Field SSD in 0.00s
    d3d11 (total internal programs: 2, unique: 2)
Compiling shader "Hidden/Physics2D/SDF_CircleGeometry"
  Pass "" (vp)
    Target graphics API: d3d11
    Full variant space:         2
    After settings filtering:   2
    After built-in stripping:   1
    After scriptable stripping: 1
    Processed in 0.00 seconds
  Pass "" (fp)
    Target graphics API: d3d11
    Full variant space:         2
    After settings filtering:   2
    After built-in stripping:   1
    After scriptable stripping: 1
    Processed in 0.00 seconds
  Pass  (vp, d3d11) finished in 0.01 seconds. Local cache hits 1 (0.01s CPU time), remote cache hits 0 (0.00s CPU time), compiled 0 variants (0.00s CPU time), skipped 0 variants.
    Prepared data for serialisation in 0.00s
  Pass  (fp, d3d11) finished in 0.01 seconds. Local cache hits 1 (0.00s CPU time), remote cache hits 0 (0.00s CPU time), compiled 0 variants (0.00s CPU time), skipped 0 variants.
    Prepared data for serialisation in 0.00s
Serialized binary data for shader Hidden/Physics2D/SDF_CircleGeometry in 0.00s
    d3d11 (total internal programs: 2, unique: 2)
Compiling shader "Hidden/Physics2D/SDF_CapsuleGeometry"
  Pass "" (vp)
    Target graphics API: d3d11
    Full variant space:         2
    After settings filtering:   2
    After built-in stripping:   1
    After scriptable stripping: 1
    Processed in 0.00 seconds
  Pass "" (fp)
    Target graphics API: d3d11
    Full variant space:         2
    After settings filtering:   2
    After built-in stripping:   1
    After scriptable stripping: 1
    Processed in 0.00 seconds
  Pass  (vp, d3d11) finished in 0.00 seconds. Local cache hits 1 (0.00s CPU time), remote cache hits 0 (0.00s CPU time), compiled 0 variants (0.00s CPU time), skipped 0 variants.
    Prepared data for serialisation in 0.00s
  Pass  (fp, d3d11) finished in 0.01 seconds. Local cache hits 1 (0.01s CPU time), remote cache hits 0 (0.00s CPU time), compiled 0 variants (0.00s CPU time), skipped 0 variants.
    Prepared data for serialisation in 0.00s
Serialized binary data for shader Hidden/Physics2D/SDF_CapsuleGeometry in 0.00s
    d3d11 (total internal programs: 2, unique: 2)
Compiling shader "Hidden/Physics2D/SDF_PolygonGeometry"
  Pass "" (vp)
    Target graphics API: d3d11
    Full variant space:         2
    After settings filtering:   2
    After built-in stripping:   1
    After scriptable stripping: 1
    Processed in 0.00 seconds
  Pass "" (fp)
    Target graphics API: d3d11
    Full variant space:         2
    After settings filtering:   2
    After built-in stripping:   1
    After scriptable stripping: 1
    Processed in 0.00 seconds
  Pass  (vp, d3d11) finished in 0.00 seconds. Local cache hits 1 (0.00s CPU time), remote cache hits 0 (0.00s CPU time), compiled 0 variants (0.00s CPU time), skipped 0 variants.
    Prepared data for serialisation in 0.00s
  Pass  (fp, d3d11) finished in 0.00 seconds. Local cache hits 1 (0.00s CPU time), remote cache hits 0 (0.00s CPU time), compiled 0 variants (0.00s CPU time), skipped 0 variants.
    Prepared data for serialisation in 0.00s
Serialized binary data for shader Hidden/Physics2D/SDF_PolygonGeometry in 0.00s
    d3d11 (total internal programs: 2, unique: 2)
Compiling shader "Hidden/Physics2D/SDF_Line"
  Pass "" (vp)
    Target graphics API: d3d11
    Full variant space:         2
    After settings filtering:   2
    After built-in stripping:   1
    After scriptable stripping: 1
    Processed in 0.00 seconds
  Pass "" (fp)
    Target graphics API: d3d11
    Full variant space:         2
    After settings filtering:   2
    After built-in stripping:   1
    After scriptable stripping: 1
    Processed in 0.00 seconds
  Pass  (vp, d3d11) finished in 0.00 seconds. Local cache hits 1 (0.00s CPU time), remote cache hits 0 (0.00s CPU time), compiled 0 variants (0.00s CPU time), skipped 0 variants.
    Prepared data for serialisation in 0.00s
  Pass  (fp, d3d11) finished in 0.01 seconds. Local cache hits 1 (0.01s CPU time), remote cache hits 0 (0.00s CPU time), compiled 0 variants (0.00s CPU time), skipped 0 variants.
    Prepared data for serialisation in 0.00s
Serialized binary data for shader Hidden/Physics2D/SDF_Line in 0.00s
    d3d11 (total internal programs: 2, unique: 2)
Compiling shader "Hidden/Physics2D/SDF_Point"
  Pass "" (vp)
    Target graphics API: d3d11
    Full variant space:         2
    After settings filtering:   2
    After built-in stripping:   1
    After scriptable stripping: 1
    Processed in 0.00 seconds
  Pass "" (fp)
    Target graphics API: d3d11
    Full variant space:         2
    After settings filtering:   2
    After built-in stripping:   1
    After scriptable stripping: 1
    Processed in 0.00 seconds
  Pass  (vp, d3d11) finished in 0.00 seconds. Local cache hits 1 (0.00s CPU time), remote cache hits 0 (0.00s CPU time), compiled 0 variants (0.00s CPU time), skipped 0 variants.
    Prepared data for serialisation in 0.00s
  Pass  (fp, d3d11) finished in 0.00 seconds. Local cache hits 1 (0.00s CPU time), remote cache hits 0 (0.00s CPU time), compiled 0 variants (0.00s CPU time), skipped 0 variants.
    Prepared data for serialisation in 0.00s
Serialized binary data for shader Hidden/Physics2D/SDF_Point in 0.00s
    d3d11 (total internal programs: 2, unique: 2)
Starting: C:\Program Files\Unity\Hub\Editor\6000.4.9f1\Editor\Data\Tools\BuildPipeline\bee_backend.exe --ipc --dagfile="Library/Bee/Player357db41c.dag" --profile="Library/Bee/backend1.traceevents" Player
WorkingDir: C:/Users/dev/.codex/worktrees/2266/신규 개발 본부
Starting: C:\Program Files\Unity\Hub\Editor\6000.4.9f1\Editor\Data\netcorerun\netcorerun.exe "C:\Program Files\Unity\Hub\Editor\6000.4.9f1\Editor\Data\PlaybackEngines\WindowsStandaloneSupport\WinPlayerBuildProgram.exe" "C:/Program Files/Unity/Hub/Editor/6000.4.9f1/Editor/Data/PlaybackEngines/WindowsStandaloneSupport/Bee;C:/Program Files/Unity/Hub/Editor/6000.4.9f1/Editor/Data/Tools/BuildPipeline" "Library/Bee/Player357db41c.dag.json" "Library/Bee/Player357db41c-inputdata.json" "Library\Bee\buildprogram0.traceevents"
WorkingDir: C:/Users/dev/.codex/worktrees/2266/신규 개발 본부
ExitCode: 4 Duration: 0s37ms
DisplayProgressbar: Incremental Player Build
ExitCode: 0 Duration: 0s244ms
Starting: C:\Program Files\Unity\Hub\Editor\6000.4.9f1\Editor\Data\Tools\BuildPipeline\bee_backend.exe --ipc --dagfile="Library/Bee/Player357db41c.dag" --dagfilejson="Library\Bee\Player357db41c.dag.json" --profile="Library/Bee/backend2.traceevents" Player
WorkingDir: C:/Users/dev/.codex/worktrees/2266/신규 개발 본부
Starting: C:\Program Files\Unity\Hub\Editor\6000.4.9f1\Editor\Data\netcorerun\netcorerun.exe "C:\Program Files\Unity\Hub\Editor\6000.4.9f1\Editor\Data\PlaybackEngines\WindowsStandaloneSupport\WinPlayerBuildProgram.exe" "C:/Program Files/Unity/Hub/Editor/6000.4.9f1/Editor/Data/PlaybackEngines/WindowsStandaloneSupport/Bee;C:/Program Files/Unity/Hub/Editor/6000.4.9f1/Editor/Data/Tools/BuildPipeline" "Library/Bee/Player357db41c.dag.json" "Library/Bee/Player357db41c-inputdata.json" "Library\Bee\buildprogram1.traceevents"
WorkingDir: C:/Users/dev/.codex/worktrees/2266/신규 개발 본부
ExitCode: 4 Duration: 3s209ms
ExitCode: 0 Duration: 0s234ms
Starting: C:\Program Files\Unity\Hub\Editor\6000.4.9f1\Editor\Data\Tools\BuildPipeline\bee_backend.exe --ipc --dagfile="Library/Bee/Player357db41c.dag" --dagfilejson="Library\Bee\Player357db41c.dag.json" --profile="Library/Bee/backend3.traceevents" Player
WorkingDir: C:/Users/dev/.codex/worktrees/2266/신규 개발 본부
ExitCode: 0 Duration: 0s84ms
Total cache size 95072613
Total cache size after purge 95072613, took 00:00:00.0351194
Asset Pipeline Refresh (id=6be569ef842e29c4699d6fe286c63a41): Total: 0.017 seconds - Initiated by StopAssetImportingV2(NoUpdateAssetOptions)

-------------------------------------------------------------------------------
Build Report
Uncompressed usage by category (Percentages based on user generated assets only):
Textures               28.8 mb	 97.8% 
Meshes                 0.0 kb	 0.0% 
Animations             0.0 kb	 0.0% 
Sounds                 0.0 kb	 0.0% 
Shaders                186.3 kb	 0.6% 
Other Assets           420.7 kb	 1.4% 
Levels                 1.3 kb	 0.0% 
File headers           15.3 kb	 0.1% 
Total User Assets      29.4 mb	 100.0% 
Complete build size    172.2 mb
Used Assets and files from the Resources folder, sorted by uncompressed size:
 6.8 mb	 3.9% Assets/_Project/Art/Generated/background/job_20260822130341_c082e4b6/foreground_alpha.png
 6.8 mb	 3.9% Assets/_Project/Art/Generated/background/job_20260822130341_c082e4b6/gameplay_ground_alpha.png
 6.8 mb	 3.9% Assets/_Project/Art/Generated/background/job_20260822130341_c082e4b6/background_opaque.png
 2.7 mb	 1.5% Built-in Texture2D: Splash Screen Unity Logo
 1.3 mb	 0.8% Assets/_Project/Art/Generated/separated_parts/job_20260822130400_6d786a69/rescue_signal.png
 1.1 mb	 0.6% Assets/_Project/Art/Generated/separated_parts/job_20260822130400_6d786a69/rain_collector.png
 1.0 mb	 0.6% Assets/TextMesh Pro/Resources/Fonts & Materials/LiberationSans SDF.asset
 597.1 kb	 0.3% Assets/_Project/Art/Generated/separated_parts/job_20260822130400_6d786a69/workbench.png
 569.4 kb	 0.3% Assets/_Project/Art/Generated/separated_parts/job_20260822130400_6d786a69/campfire.png
 521.7 kb	 0.3% Resources/unity_builtin_extra
 344.5 kb	 0.2% Assets/TextMesh Pro/Fonts/LiberationSans.ttf
 257.6 kb	 0.1% Assets/_Project/Art/Generated/separated_parts/job_20260822234631_ac651d92/blocked.png
 257.6 kb	 0.1% Assets/_Project/Art/Generated/separated_parts/job_20260822234631_ac651d92/interactable.png
 257.1 kb	 0.1% Assets/_Project/Art/Generated/separated_parts/job_20260822234631_ac651d92/cleared.png
 179.5 kb	 0.1% Assets/TextMesh Pro/Shaders/TMP_SDF-Mobile.shader
 96.9 kb	 0.1% Assets/_Project/Art/Generated/ui_set/job_20260823073121_f5da3402/compact-a.png
 3.3 kb	 0.0% Assets/TextMesh Pro/Resources/Fonts & Materials/LiberationSans SDF - Fallback.asset
 3.2 kb	 0.0% Assets/_Project/Scripts/Localization/PrototypeLocalizationSettings.asset
 2.3 kb	 0.0% Assets/TextMesh Pro/Resources/Style Sheets/Default Style Sheet.asset
 1.6 kb	 0.0% Assets/TextMesh Pro/Resources/Fonts & Materials/LiberationSans SDF - Drop Shadow.mat
 1.6 kb	 0.0% Assets/TextMesh Pro/Resources/Fonts & Materials/LiberationSans SDF - Outline.mat
 0.4 kb	 0.0% Built-in Sprite: 
 0.3 kb	 0.0% Assets/TextMesh Pro/Resources/LineBreaking Following Characters.txt
 0.3 kb	 0.0% Assets/TextMesh Pro/Resources/TMP Settings.asset
 0.3 kb	 0.0% Assets/_Project/Scripts/Localization/Resources/PrototypeLocaleFontProfile.asset
 0.2 kb	 0.0% Packages/com.unity.multiplayer.center/Common/IOnboardingSectionAnalyticsProvider.cs
 0.2 kb	 0.0% Packages/com.unity.addressables/Runtime/ResourceManager/ResourceProviders/Simulation/VirtualAssetBundleRuntimeData.cs
 0.2 kb	 0.0% Packages/com.unity.addressables/Runtime/ResourceManager/ResourceProviders/Simulation/VirtualBundledAssetProvider.cs
 0.2 kb	 0.0% Packages/com.unity.addressables/Runtime/ResourceManager/ResourceProviders/Simulation/VirtualAssetBundleProvider.cs
 0.2 kb	 0.0% Packages/com.unity.localization/Runtime/Smart Format/SmartFormatterLiteralCharacterExtractor.cs
 0.2 kb	 0.0% Packages/com.unity.addressables/Runtime/ResourceManager/ResourceProviders/BinaryCatalogInitializationData.cs
 0.2 kb	 0.0% Packages/com.unity.localization/Runtime/Property Variants/Tracked Objects/TrackedMonoBehaviourObject.cs
 0.2 kb	 0.0% Packages/com.unity.localization/Runtime/Property Variants/Tracked Objects/TrackedLocalizeStringEvent.cs
 0.2 kb	 0.0% Packages/com.unity.localization/Runtime/Property Variants/Tracked Objects/JsonSerializerTrackedObject.cs
 0.2 kb	 0.0% Packages/com.unity.addressables/Runtime/Initialization/InitializationObjectsOperation.cs
 0.2 kb	 0.0% Packages/com.unity.localization/Runtime/Smart Format/Core/Extensions/IFormatterLiteralExtractor.cs
 0.2 kb	 0.0% Packages/com.unity.localization/Runtime/Property Variants/Tracked Properties/LocalizedStringProperty.cs
 0.2 kb	 0.0% Packages/com.unity.localization/Runtime/Property Variants/Tracked Properties/LocalizedAssetProperty.cs
 0.2 kb	 0.0% Packages/com.unity.addressables/Runtime/Initialization/AddressablesRuntimeProperties.cs
 0.2 kb	 0.0% Packages/com.unity.scriptablebuildpipeline/Runtime/CompatibilityAssetBundleManifest.cs
 0.2 kb	 0.0% Packages/com.unity.localization/Runtime/Smart Format/Extensions/PluralLocalizationFormatter.cs
 0.2 kb	 0.0% Packages/com.unity.localization/Runtime/Smart Format/Extensions/PersistentVariablesSource.cs
 0.2 kb	 0.0% Packages/com.unity.localization/Runtime/Smart Format/Extensions/GlobalVariablesSource.deprecated.cs
 0.2 kb	 0.0% Packages/com.unity.localization/Runtime/InternalBridge/DrivenPropertyManagerBridge.cs
 0.2 kb	 0.0% Packages/com.unity.addressables/Runtime/ResourceManager/ResourceProviders/Simulation/VirtualAssetBundle.cs
 0.2 kb	 0.0% Packages/com.unity.localization/Runtime/Smart Format/Core/Parsing/ParsingErrorEventArgs.cs
 0.2 kb	 0.0% Packages/com.unity.localization/Runtime/Smart Format/Core/Formatting/DataNotReadyException.cs
 0.2 kb	 0.0% Packages/com.unity.localization/Runtime/Property Variants/Tracked Properties/UnityObjectProperty.cs
 0.2 kb	 0.0% Packages/com.unity.localization/Runtime/Metadata/SharedTableCollectionMetadata.cs
 0.2 kb	 0.0% Packages/com.unity.addressables/Runtime/ResourceManager/ResourceProviders/AssetDatabaseProvider.cs
 0.2 kb	 0.0% Packages/com.unity.addressables/Runtime/ResourceManager/AsyncOperations/UnityWebRequestOperation.cs
 0.2 kb	 0.0% Packages/com.unity.addressables/Runtime/ResourceManager/AsyncOperations/ProviderOperation.cs
 0.2 kb	 0.0% Packages/com.unity.addressables/Runtime/ResourceManager/AsyncOperations/GetDownloadSizeOperation.cs
 0.2 kb	 0.0% Packages/com.unity.addressables/Runtime/Initialization/ResourceManagerRuntimeData.cs
 0.1 kb	 0.0% Packages/com.unity.localization/Runtime/Smart Format/Extensions/Persistent Variables/VariablesGroupAsset.cs
 0.1 kb	 0.0% Packages/com.unity.localization/Runtime/Smart Format/Extensions/Persistent Variables/GlobalVariables.deprecated.cs
 0.1 kb	 0.0% Packages/com.unity.localization/Runtime/Property Variants/Tracked Objects/TrackedRectTransform.cs
 0.1 kb	 0.0% Packages/com.unity.localization/Runtime/Property Variants/Tracked Objects/TrackedMeshFilter.cs
 0.1 kb	 0.0% Packages/com.unity.addressables/Runtime/ResourceProviders/ContentCatalogProvider.cs
 0.1 kb	 0.0% Packages/com.unity.multiplayer.center/Common/SelectedSolutionsData.cs
 0.1 kb	 0.0% Packages/com.unity.localization/Runtime/Smart Format/Extensions/Persistent Variables/VariableInterfaces.cs
 0.1 kb	 0.0% Packages/com.unity.localization/Runtime/Smart Format/Core/Formatting/FormattingException.cs
 0.1 kb	 0.0% Packages/com.unity.localization/Runtime/Settings/Startup Selectors/CommandLineLocaleSelector.cs
 0.1 kb	 0.0% Packages/com.unity.localization/Runtime/Property Variants/Tracked Properties/ITrackedProperty.cs
 0.1 kb	 0.0% Packages/com.unity.localization/Runtime/Property Variants/Tracked Properties/IStringProperty.cs
 0.1 kb	 0.0% Packages/com.unity.localization/Runtime/Operations/LocalizationGroupOperation.cs
 0.1 kb	 0.0% Packages/com.unity.localization/Runtime/Operations/GetLocalizedStringOperation.cs
 0.1 kb	 0.0% Packages/com.unity.localization/Runtime/Metadata/PreloadAssetTableMetadata.cs
 0.1 kb	 0.0% Packages/com.unity.localization/Runtime/Attributes/CustomTrackedObject.cs
 0.1 kb	 0.0% Packages/com.unity.addressables/Runtime/ResourceManager/ResourceProviders/ResourceProviderBase.cs
 0.1 kb	 0.0% Packages/com.unity.addressables/Runtime/ResourceManager/ResourceProviders/JSONAssetProvider.cs
 0.1 kb	 0.0% Packages/com.unity.addressables/Runtime/ResourceManager/ResourceProviders/IResourceProvider.cs
 0.1 kb	 0.0% Packages/com.unity.addressables/Runtime/ResourceManager/ResourceProviders/IInstanceProvider.cs
 0.1 kb	 0.0% Packages/com.unity.addressables/Runtime/ResourceManager/ResourceProviders/CachedFileProvider.cs
 0.1 kb	 0.0% Packages/com.unity.addressables/Runtime/ResourceManager/ResourceProviders/BundledAssetProvider.cs
 0.1 kb	 0.0% Packages/com.unity.addressables/Runtime/ResourceManager/ResourceProviders/BinaryDataProvider.cs
 0.1 kb	 0.0% Packages/com.unity.addressables/Runtime/ResourceManager/ResourceProviders/AtlasSpriteProvider.cs
 0.1 kb	 0.0% Packages/com.unity.addressables/Runtime/ResourceManager/ResourceProviders/AssetBundleProvider.cs
 0.1 kb	 0.0% Packages/com.unity.addressables/Runtime/ResourceManager/ResourceLocations/ResourceLocationBase.cs
 0.1 kb	 0.0% Packages/com.unity.addressables/Runtime/ResourceManager/ResourceLocations/IResourceLocation.cs
 0.1 kb	 0.0% Packages/com.unity.addressables/Runtime/ResourceManager/ResourceLocations/ILocationSizeData.cs
 0.1 kb	 0.0% Packages/com.unity.addressables/Runtime/ResourceManager/AsyncOperations/AsyncOperationHandle.cs
 0.1 kb	 0.0% Packages/com.unity.addressables/Runtime/Initialization/InitializationOperation.cs
 0.1 kb	 0.0% Packages/com.unity.localization/Runtime/Smart Format/Extensions/XElementFormatter.cs
 0.1 kb	 0.0% Packages/com.unity.localization/Runtime/Smart Format/Extensions/TemplateFormatter.cs
 0.1 kb	 0.0% Packages/com.unity.localization/Runtime/Smart Format/Extensions/SubStringFormatter.cs
 0.1 kb	 0.0% Packages/com.unity.localization/Runtime/Smart Format/Extensions/ConditionalFormatter.cs
 0.1 kb	 0.0% Packages/com.unity.localization/Runtime/Pseudo/IPseudoLocalizationMethod.cs
 0.1 kb	 0.0% Packages/com.unity.localization/Runtime/Property Variants/Tracked Objects/TrackedUGUI.cs
 0.1 kb	 0.0% Packages/com.unity.localization/Runtime/Property Variants/Tracked Objects/TrackedTransform.cs
 0.1 kb	 0.0% Packages/com.unity.localization/Runtime/Property Variants/Tracked Objects/TrackedTMP.cs
 0.1 kb	 0.0% Packages/com.unity.localization/Runtime/Property Variants/Tracked Objects/TrackedObject.cs
 0.1 kb	 0.0% Packages/com.unity.addressables/Runtime/Utility/SerializationUtilities.cs
 0.1 kb	 0.0% Packages/com.unity.addressables/Runtime/Utility/AssetReferenceUtilities.cs
 0.1 kb	 0.0% Packages/com.unity.addressables/Runtime/ResourceManager/Util/UnityWebRequestUtilities.cs
 0.1 kb	 0.0% Packages/com.unity.addressables/Runtime/ResourceManager/Util/ResourceManagerConfig.cs
 0.1 kb	 0.0% Packages/com.unity.addressables/Runtime/ResourceLocators/ResourceLocationMap.cs
 0.1 kb	 0.0% Packages/com.unity.addressables/Runtime/ResourceLocators/ResourceLocationData.cs
 0.1 kb	 0.0% Packages/com.unity.addressables/Runtime/ResourceLocators/ContentCatalogData.cs
 0.1 kb	 0.0% Packages/com.unity.addressables/Runtime/Initialization/CleanBundleCacheOperation.cs
 0.1 kb	 0.0% Packages/com.unity.ugui/Runtime/UGUI/EventSystem/UIElements/UIToolkitInteroperabilityBridge.cs
 0.1 kb	 0.0% Packages/com.unity.multiplayer.center/Common/IOnboardingSection.cs
 0.1 kb	 0.0% Packages/com.unity.localization/Runtime/Smart Format/FormattingErrorEventArgs.cs
 0.1 kb	 0.0% Packages/com.unity.localization/Runtime/Smart Format/Core/Settings/SmartSettings.cs
 0.1 kb	 0.0% Packages/com.unity.localization/Runtime/Smart Format/Core/Parsing/ParsingErrors.cs
 0.1 kb	 0.0% Packages/com.unity.localization/Runtime/Smart Format/Core/Formatting/FormattingInfo.cs
 0.1 kb	 0.0% Packages/com.unity.localization/Runtime/Smart Format/Core/Formatting/FormatDetails.cs
 0.1 kb	 0.0% Packages/com.unity.localization/Runtime/Smart Format/Core/Extensions/ISelectorInfo.cs
 0.1 kb	 0.0% Packages/com.unity.localization/Runtime/Smart Format/Core/Extensions/IFormattingInfo.cs
 0.1 kb	 0.0% Packages/com.unity.localization/Runtime/Smart Format/Core/Extensions/FormatterBase.cs
 0.1 kb	 0.0% Packages/com.unity.localization/Runtime/Settings/Startup Selectors/SpecificLocaleSelector.cs
 0.1 kb	 0.0% Packages/com.unity.localization/Runtime/Settings/Startup Selectors/PlayerPrefLocaleSelector.cs
 0.1 kb	 0.0% Packages/com.unity.localization/Runtime/Settings/Extensions/IStartupLocaleSelector.cs
 0.1 kb	 0.0% Packages/com.unity.localization/Runtime/Settings/Database/LocalizedStringDatabase.cs
 0.1 kb	 0.0% Packages/com.unity.localization/Runtime/Settings/Database/LocalizedAssetDatabase.cs
 0.1 kb	 0.0% Packages/com.unity.localization/Runtime/Property Variants/GameObjectLocalizer.cs
 0.1 kb	 0.0% Packages/com.unity.localization/Runtime/Operations/InitializationOperation.cs
 0.1 kb	 0.0% Packages/com.unity.localization/Runtime/Metadata/SharedTableEntryMetadata.cs
 0.1 kb	 0.0% Packages/com.unity.localization/Runtime/Metadata/ExcludeEntryFromExport.cs
 0.1 kb	 0.0% Packages/com.unity.localization/Runtime/Component Localizers/LocalizedMonoBehaviour.cs
 0.1 kb	 0.0% Packages/com.unity.localization/Runtime/Component Localizers/LocalizedGameObjectEvent.cs
 0.1 kb	 0.0% Packages/com.unity.localization/Runtime/Component Localizers/LocalizeStringListEvent.cs
 0.1 kb	 0.0% Packages/com.unity.localization/Runtime/Component Localizers/LocalizeAudioClipEvent.cs
 0.1 kb	 0.0% Packages/com.unity.addressables/Runtime/ResourceManager/Util/Exceptions.cs
 0.1 kb	 0.0% Packages/com.unity.addressables/Runtime/ResourceManager/ResourceProviders/TextDataProvider.cs
 0.1 kb	 0.0% Packages/com.unity.addressables/Runtime/ResourceManager/ResourceProviders/SceneProvider.cs
 0.1 kb	 0.0% Packages/com.unity.addressables/Runtime/ResourceManager/ResourceProviders/InstanceProvider.cs
 0.1 kb	 0.0% Packages/com.unity.addressables/Runtime/ResourceManager/ResourceProviders/ISceneProvider.cs
 0.1 kb	 0.0% Packages/com.unity.addressables/Runtime/ResourceManager/AsyncOperations/GroupOperation.cs
 0.1 kb	 0.0% Packages/com.unity.addressables/Runtime/ResourceManager/AsyncOperations/DownloadStatus.cs
 0.1 kb	 0.0% Packages/com.unity.addressables/Runtime/ResourceManager/AsyncOperations/AsyncOperationBase.cs
 0.1 kb	 0.0% Packages/com.unity.addressables/Runtime/Initialization/CacheInitialization.cs
 0.1 kb	 0.0% Packages/com.unity.ugui/Runtime/TMP/TMP_SpriteAssetImportFormats.cs
 0.1 kb	 0.0% Packages/com.unity.scriptablebuildpipeline/Runtime/Shared/AssemblyUtility.cs
 0.1 kb	 0.0% Packages/com.unity.multiplayer.center/Common/StyleConstants.cs
 0.1 kb	 0.0% Packages/com.unity.localization/Runtime/Tables/Keys/SequentialIDGenerator.cs
 0.1 kb	 0.0% Packages/com.unity.localization/Runtime/Tables/Keys/DistributedUIDGenerator.cs
 0.1 kb	 0.0% Packages/com.unity.localization/Runtime/Smart Format/Utilities/TupleExtensions.cs
 0.1 kb	 0.0% Packages/com.unity.localization/Runtime/Smart Format/Utilities/TimeSpanUtility.cs
 0.1 kb	 0.0% Packages/com.unity.localization/Runtime/Smart Format/Utilities/FormatDelegate.cs
 0.1 kb	 0.0% Packages/com.unity.localization/Runtime/Smart Format/Extensions/ValueTupleSource.cs
 0.1 kb	 0.0% Packages/com.unity.localization/Runtime/Smart Format/Extensions/TimeFormatter.cs
 0.1 kb	 0.0% Packages/com.unity.localization/Runtime/Smart Format/Extensions/ReflectionSource.cs
 0.1 kb	 0.0% Packages/com.unity.localization/Runtime/Smart Format/Extensions/ListFormatter.cs
 0.1 kb	 0.0% Packages/com.unity.localization/Runtime/Smart Format/Extensions/IsMatchFormatter.cs
 0.1 kb	 0.0% Packages/com.unity.localization/Runtime/Smart Format/Extensions/DictionarySource.cs
 0.1 kb	 0.0% Packages/com.unity.localization/Runtime/Smart Format/Extensions/DefaultSource.cs
 0.1 kb	 0.0% Packages/com.unity.localization/Runtime/Smart Format/Extensions/DefaultFormatter.cs
 0.1 kb	 0.0% Packages/com.unity.localization/Runtime/Smart Format/Extensions/ChooseFormatter.cs
 0.1 kb	 0.0% Packages/com.unity.localization/Runtime/Smart Format/Core/Output/TextWriterOutput.cs
 0.1 kb	 0.0% Packages/com.unity.localization/Runtime/InternalBridge/UnityEventBridge.cs
 0.1 kb	 0.0% Packages/com.unity.addressables/Runtime/Services/PlatformMappingService.cs
 0.1 kb	 0.0% Packages/com.unity.addressables/Runtime/ResourceManager/Util/PlatformUtilities.cs
 0.1 kb	 0.0% Packages/com.unity.addressables/Runtime/ResourceManager/Util/OperationCacheKeys.cs
 0.1 kb	 0.0% Packages/com.unity.addressables/Runtime/ResourceManager/Util/DelayedActionManager.cs
 0.1 kb	 0.0% Packages/com.unity.addressables/Runtime/ResourceManager/Util/BinaryStorageBuffer.cs
 0.1 kb	 0.0% Packages/com.unity.addressables/Runtime/ResourceLocators/IResourceLocator.cs
 0.1 kb	 0.0% Packages/com.unity.addressables/Runtime/ResourceLocators/DynamicResourceLocators.cs
 0.1 kb	 0.0% Packages/com.unity.addressables/Runtime/Initialization/UpdateCatalogsOperation.cs
 0.1 kb	 0.0% Packages/com.unity.addressables/Runtime/Initialization/CheckCatalogsOperation.cs
 0.1 kb	 0.0% Assets/TextMesh Pro/Resources/LineBreaking Leading Characters.txt
 0.1 kb	 0.0% Packages/com.unity.ugui/Runtime/UGUI/UI/Core/Layout/HorizontalOrVerticalLayoutGroup.cs
 0.1 kb	 0.0% Packages/com.unity.localization/Runtime/Smart Format/Utilities/SystemTime.cs
 0.1 kb	 0.0% Packages/com.unity.localization/Runtime/Smart Format/Core/Parsing/Placeholder.cs
 0.1 kb	 0.0% Packages/com.unity.localization/Runtime/Smart Format/Core/Parsing/LiteralText.cs
 0.1 kb	 0.0% Packages/com.unity.localization/Runtime/Smart Format/Core/Parsing/FormatItem.cs
 0.1 kb	 0.0% Packages/com.unity.localization/Runtime/Smart Format/Core/Formatting/FormatCache.cs
 0.1 kb	 0.0% Packages/com.unity.localization/Runtime/Smart Format/Core/Extensions/IFormatter.cs
 0.1 kb	 0.0% Packages/com.unity.localization/Runtime/Settings/Startup Selectors/SystemLocaleSelector.cs
 0.1 kb	 0.0% Packages/com.unity.localization/Runtime/Settings/LocalizationSettings.cs
 0.1 kb	 0.0% Packages/com.unity.localization/Runtime/Plugins/UITK/LocalizedStringList.databinding.cs
 0.1 kb	 0.0% Packages/com.unity.localization/Runtime/Plugins/UITK/LocalizedStringGroup.databinding.cs
 0.1 kb	 0.0% Packages/com.unity.localization/Runtime/Plugins/UITK/LocalizedReference.databinding.cs
 0.1 kb	 0.0% Packages/com.unity.localization/Runtime/Metadata/MetadataCollection.cs
 0.1 kb	 0.0% Packages/com.unity.localization/Runtime/Metadata/AssetTypeMetadata.cs
 0.1 kb	 0.0% Packages/com.unity.localization/Runtime/Component Localizers/LocalizeTextureEvent.cs
 0.1 kb	 0.0% Packages/com.unity.localization/Runtime/Component Localizers/LocalizeStringEvent.cs
 0.1 kb	 0.0% Packages/com.unity.localization/Runtime/Component Localizers/LocalizeSpriteEvent.cs
 0.1 kb	 0.0% Packages/com.unity.localization/Runtime/Attributes/MetadataAttribute.cs
 0.1 kb	 0.0% Packages/com.unity.addressables/Runtime/ResourceManager/Diagnostics/Profiling/ProfilerRuntime.cs
 0.1 kb	 0.0% Packages/com.unity.addressables/Runtime/ResourceManager/Diagnostics/Profiling/IProfilerEmitter.cs
 0.1 kb	 0.0% Packages/com.unity.addressables/Runtime/ResourceManager/Diagnostics/Profiling/FrameDataStructs.cs
 0.1 kb	 0.0% Packages/com.unity.addressables/Runtime/ResourceManager/Diagnostics/Profiling/EngineEmitter.cs
 0.1 kb	 0.0% Packages/com.unity.ugui/Runtime/TMP/TMP_DynamicFontAssetUtilities.cs
 0.1 kb	 0.0% Packages/com.unity.scriptablebuildpipeline/Runtime/Shared/BundleDetails.cs
 0.1 kb	 0.0% Packages/com.unity.localization/Runtime/Utilities/SystemLanguageConverter.cs
 0.1 kb	 0.0% Packages/com.unity.localization/Runtime/Utilities/StringExtensionMethods.cs
 0.1 kb	 0.0% Packages/com.unity.localization/Runtime/Utilities/LocalizationBehaviour.cs
 0.1 kb	 0.0% Packages/com.unity.localization/Runtime/Utilities/AsyncOperationUtility.cs
 0.1 kb	 0.0% Packages/com.unity.localization/Runtime/Tables/LocalizationTable.cs
 0.1 kb	 0.0% Packages/com.unity.localization/Runtime/Tables/DetailedLocalizationTable.cs
 0.1 kb	 0.0% Packages/com.unity.localization/Runtime/Smart Format/Utilities/PluralRules.cs
 0.1 kb	 0.0% Packages/com.unity.localization/Runtime/Smart Format/Extensions/XmlSource.cs
 0.1 kb	 0.0% Packages/com.unity.localization/Runtime/Smart Format/Core/Output/StringOutput.cs
 0.1 kb	 0.0% Packages/com.unity.localization/Runtime/Settings/Database/LocalizedDatabase.cs
 0.1 kb	 0.0% Packages/com.unity.localization/Runtime/Pseudo/TypicalCharacterSets.cs
 0.1 kb	 0.0% Packages/com.unity.localization/Runtime/Pseudo/Methods/CharacterSubstitutor.cs
 0.1 kb	 0.0% Packages/com.unity.localization/Runtime/Property Driver/VariantsPropertyDriver.cs
 0.1 kb	 0.0% Packages/com.unity.localization/Runtime/Plugins/UITK/LocalizedAsset.databinding.cs
 0.1 kb	 0.0% Packages/com.unity.localization/Runtime/Addressables/AddressablesInterface.cs
 0.1 kb	 0.0% Packages/com.unity.addressables/Runtime/Utility/AssemblyUtility.cs
 0.1 kb	 0.0% Packages/com.unity.addressables/Runtime/AssetLabelReference.cs
 0.1 kb	 0.0% Packages/com.unity.ugui/Runtime/UGUI/EventSystem/UIElements/WorldDocumentRaycaster.cs
 0.1 kb	 0.0% Packages/com.unity.ugui/Runtime/UGUI/EventSystem/InputModules/StandaloneInputModule.cs
 0.1 kb	 0.0% Packages/com.unity.multiplayer.center/Common/AnswerData.cs
 0.1 kb	 0.0% Packages/com.unity.localization/Runtime/Smart Format/Utilities/SmartFormatPools.cs
 0.1 kb	 0.0% Packages/com.unity.localization/Runtime/Smart Format/SmartFormatter.cs
 0.1 kb	 0.0% Packages/com.unity.localization/Runtime/Smart Format/SmartExtensions.cs
 0.1 kb	 0.0% Packages/com.unity.localization/Runtime/Smart Format/Core/Parsing/Selector.cs
 0.1 kb	 0.0% Packages/com.unity.localization/Runtime/Smart Format/Core/Parsing/Parser.cs
 0.1 kb	 0.0% Packages/com.unity.localization/Runtime/Smart Format/Core/Parsing/Format.cs
 0.1 kb	 0.0% Packages/com.unity.localization/Runtime/Smart Format/Core/Extensions/ISource.cs
 0.1 kb	 0.0% Packages/com.unity.localization/Runtime/Settings/LocalesProvider.cs
 0.1 kb	 0.0% Packages/com.unity.localization/Runtime/Settings/Extensions/ILocalesProvider.cs
 0.1 kb	 0.0% Packages/com.unity.localization/Runtime/Plugins/UITK/LocalizedString.databinding.cs
 0.1 kb	 0.0% Packages/com.unity.localization/Runtime/Metadata/SmartFormatTag.cs
 0.1 kb	 0.0% Packages/com.unity.localization/Runtime/Metadata/PlatformOverride.cs
 0.1 kb	 0.0% Packages/com.unity.localization/Runtime/Metadata/ISharedMetadata.cs
 0.1 kb	 0.0% Packages/com.unity.localization/Runtime/Metadata/FallbackLocale.cs
 0.1 kb	 0.0% Packages/com.unity.localization/Runtime/Localized Reference/LocalizedString.deprecated.cs
 0.1 kb	 0.0% Packages/com.unity.addressables/Runtime/ResourceManager/ResourceProviders/WebRequestQueue.cs
 0.1 kb	 0.0% Packages/com.unity.addressables/Runtime/ResourceManager/ResourceProviders/IUpdateReceiver.cs
 0.1 kb	 0.0% Packages/com.unity.addressables/Runtime/ResourceManager/ResourceManager.cs
 0.1 kb	 0.0% Packages/com.unity.addressables/Runtime/AssetReferenceUIRestriction.cs
 0.1 kb	 0.0% Packages/com.unity.ugui/Runtime/TMP/TMP_ScrollbarEventHandler.cs
 0.1 kb	 0.0% Packages/com.unity.ugui/Runtime/TMP/TMP_PackageResourceImporter.cs
 0.1 kb	 0.0% Packages/com.unity.ugui/Runtime/InternalBridge/ObjectUtilsBridge.cs
 0.1 kb	 0.0% Packages/com.unity.profiling.core/Runtime/ProfilerMarkerExtensions.cs
 0.1 kb	 0.0% Packages/com.unity.localization/Runtime/Utilities/StringBuilderPool.cs
 0.1 kb	 0.0% Packages/com.unity.localization/Runtime/Tables/TableReference.cs
 0.1 kb	 0.0% Packages/com.unity.localization/Runtime/Tables/TableEntryData.cs
 0.1 kb	 0.0% Packages/com.unity.localization/Runtime/Tables/SharedTableData.cs
 0.1 kb	 0.0% Packages/com.unity.localization/Runtime/Tables/Keys/IKeyGenerator.cs
 0.1 kb	 0.0% Packages/com.unity.localization/Runtime/Smart Format/Core/Output/IOutput.cs
 0.1 kb	 0.0% Packages/com.unity.localization/Runtime/Property Driver/EditorPropertyDriver.cs
 0.1 kb	 0.0% Packages/com.unity.localization/Runtime/Platform/Android/IconInfo.cs
 0.1 kb	 0.0% Packages/com.unity.localization/Runtime/Localized Reference/LocalizedStringTable.cs
 0.1 kb	 0.0% Packages/com.unity.localization/Runtime/Localized Reference/LocalizedStringList.cs
 0.1 kb	 0.0% Packages/com.unity.localization/Runtime/Localized Reference/LocalizedStringGroup.cs
 0.1 kb	 0.0% Packages/com.unity.localization/Runtime/Localized Reference/LocalizedReference.cs
 0.1 kb	 0.0% Packages/com.unity.localization/Runtime/Localized Reference/LocalizedAssetTable.cs
 0.1 kb	 0.0% Packages/com.unity.localization/Runtime/Localized Reference/ILocalizedStringList.cs
 0.1 kb	 0.0% Packages/com.unity.localization/Runtime/Events/UnityEvents.cs
 0.1 kb	 0.0% Packages/com.unity.localization/Runtime/Attributes/DisplayNameAttribute.cs
 0.1 kb	 0.0% Packages/com.unity.addressables/Runtime/IKeyEvaluator.cs
 0.1 kb	 0.0% Packages/com.unity.addressables/Runtime/AssetReference.cs
 0.1 kb	 0.0% Packages/com.unity.addressables/Runtime/AddressablesImpl.cs
 0.1 kb	 0.0% Assets/_Project/Scripts/Runtime/PrototypePlayerPresentation.cs
 0.1 kb	 0.0% Assets/_Project/Scripts/Runtime/PrototypeLocaleFontProfile.cs
 0.1 kb	 0.0% Assets/_Project/Scripts/Runtime/PrototypeCampModuleExpansion.cs
 0.1 kb	 0.0% Packages/com.unity.ugui/Runtime/UGUI/UI/Core/Utility/ReflectionMethodsCache.cs
 0.1 kb	 0.0% Packages/com.unity.ugui/Runtime/UGUI/UI/Core/MultipleDisplayUtilities.cs
 0.1 kb	 0.0% Packages/com.unity.ugui/Runtime/UGUI/UI/Core/Layout/HorizontalLayoutGroup.cs
 0.1 kb	 0.0% Packages/com.unity.ugui/Runtime/UGUI/UI/Core/IGraphicEnabledDisabled.cs
 0.1 kb	 0.0% Packages/com.unity.ugui/Runtime/UGUI/UI/Core/GraphicRebuildTracker.cs
 0.1 kb	 0.0% Packages/com.unity.ugui/Runtime/UGUI/UI/Core/Culling/RectangularVertexClipper.cs
 0.1 kb	 0.0% Packages/com.unity.ugui/Runtime/UGUI/EventSystem/UIElements/PanelEventHandler.cs
 0.1 kb	 0.0% Packages/com.unity.ugui/Runtime/UGUI/EventSystem/Raycasters/Physics2DRaycaster.cs
 0.1 kb	 0.0% Packages/com.unity.ugui/Runtime/UGUI/EventSystem/InputModules/PointerInputModule.cs
 0.1 kb	 0.0% Packages/com.unity.localization/Runtime/Settings/Extensions/IInitialize.cs
 0.1 kb	 0.0% Packages/com.unity.localization/Runtime/Platform/Android/AppInfo.cs
 0.1 kb	 0.0% Packages/com.unity.localization/Runtime/Metadata/IMetadata.cs
 0.1 kb	 0.0% Packages/com.unity.localization/Runtime/Localized Reference/LocalizedAsset.cs
 0.1 kb	 0.0% Packages/com.unity.addressables/Runtime/ResourceManager/Util/MonoBehaviourCallbackHooks.cs
 0.1 kb	 0.0% Packages/com.unity.ugui/Runtime/UGUI/UI/Animation/CoroutineTween.cs
 0.1 kb	 0.0% Packages/com.unity.ugui/Runtime/UGUI/EventSystem/EventInterfaces.cs
 0.1 kb	 0.0% Packages/com.unity.ugui/Runtime/TMP/TMPro_ExtensionMethods.cs
 0.1 kb	 0.0% Packages/com.unity.ugui/Runtime/TMP/TMP_TextParsingUtilities.cs
 0.1 kb	 0.0% Packages/com.unity.ugui/Runtime/TMP/TMP_TextElement_Legacy.cs
 0.1 kb	 0.0% Packages/com.unity.ugui/Runtime/TMP/TMP_FontAssetUtilities.cs
 0.1 kb	 0.0% Packages/com.unity.ugui/Runtime/TMP/MaterialReferenceManager.cs
 0.1 kb	 0.0% Packages/com.unity.ugui/Runtime/TMP/FontFeatureCommonGSUB.cs
 0.1 kb	 0.0% Packages/com.unity.localization/Runtime/Utilities/InstanceIdHelper.cs
 0.1 kb	 0.0% Packages/com.unity.localization/Runtime/Utilities/AddressHelper.cs
 0.1 kb	 0.0% Packages/com.unity.localization/Runtime/Tables/StringTable.cs
 0.1 kb	 0.0% Packages/com.unity.localization/Runtime/Tables/AssetTable.cs
 0.1 kb	 0.0% Packages/com.unity.localization/Runtime/Settings/PlaymodeState.cs
 0.1 kb	 0.0% Packages/com.unity.localization/Runtime/Pseudo/PseudoLocale.cs
 0.1 kb	 0.0% Packages/com.unity.localization/Runtime/Pseudo/Methods/PreserveTags.cs
 0.1 kb	 0.0% Packages/com.unity.localization/Runtime/Pseudo/Methods/Encapsulator.cs
 0.1 kb	 0.0% Packages/com.unity.localization/Runtime/Platform/iOS/AppInfo.cs
 0.1 kb	 0.0% Packages/com.unity.localization/Runtime/Operations/IPreloadRequired.cs
 0.1 kb	 0.0% Packages/com.unity.localization/Runtime/Localized Reference/LocalizedString.cs
 0.1 kb	 0.0% Packages/com.unity.addressables/Runtime/Addressables.cs
 0.1 kb	 0.0% Assets/_Project/Scripts/Runtime/PrototypePlayerTraversal.cs
 0.1 kb	 0.0% Assets/_Project/Scripts/Runtime/PrototypeLocalization.cs
 0.1 kb	 0.0% Assets/_Project/Scripts/Runtime/PrototypeCampPromptSkin.cs
 0.1 kb	 0.0% Assets/_Project/Scripts/Runtime/PrototypeCampPlacement.cs
 0.1 kb	 0.0% Assets/_Project/Scripts/Runtime/PrototypeCampInteraction.cs
 0.1 kb	 0.0% Assets/_Project/Scripts/Localization/Resources/Wave12CompactPromptSkin.asset
 0.1 kb	 0.0% Packages/com.unity.ugui/Runtime/UGUI/UI/Core/SetPropertyUtility.cs
 0.1 kb	 0.0% Packages/com.unity.ugui/Runtime/UGUI/UI/Core/MaterialModifiers/IMaterialModifier.cs
 0.1 kb	 0.0% Packages/com.unity.ugui/Runtime/UGUI/UI/Core/Layout/VerticalLayoutGroup.cs
 0.1 kb	 0.0% Packages/com.unity.ugui/Runtime/UGUI/UI/Core/Layout/ContentSizeFitter.cs
 0.1 kb	 0.0% Packages/com.unity.ugui/Runtime/UGUI/UI/Core/Layout/AspectRatioFitter.cs
 0.1 kb	 0.0% Packages/com.unity.ugui/Runtime/UGUI/UI/Core/FontUpdateTracker.cs
 0.1 kb	 0.0% Packages/com.unity.ugui/Runtime/UGUI/UI/Core/CanvasUpdateRegistry.cs
 0.1 kb	 0.0% Packages/com.unity.ugui/Runtime/UGUI/UI/Core/AnimationTriggers.cs
 0.1 kb	 0.0% Packages/com.unity.ugui/Runtime/UGUI/EventSystem/UIElements/PanelRaycaster.cs
 0.1 kb	 0.0% Packages/com.unity.ugui/Runtime/UGUI/EventSystem/Raycasters/PhysicsRaycaster.cs
 0.1 kb	 0.0% Packages/com.unity.ugui/Runtime/UGUI/EventSystem/Raycasters/BaseRaycaster.cs
 0.1 kb	 0.0% Packages/com.unity.ugui/Runtime/UGUI/EventSystem/RaycasterManager.cs
 0.1 kb	 0.0% Packages/com.unity.ugui/Runtime/UGUI/EventSystem/RaycastResult.cs
 0.1 kb	 0.0% Packages/com.unity.ugui/Runtime/UGUI/EventSystem/InputModules/TouchInputModule.cs
 0.1 kb	 0.0% Packages/com.unity.ugui/Runtime/UGUI/EventSystem/InputModules/BaseInputModule.cs
 0.1 kb	 0.0% Packages/com.unity.ugui/Runtime/UGUI/EventSystem/ExecuteEvents.cs
 0.1 kb	 0.0% Packages/com.unity.ugui/Runtime/UGUI/EventSystem/EventData/PointerEventData.cs
 0.1 kb	 0.0% Packages/com.unity.ugui/Runtime/UGUI/EventSystem/EventData/BaseEventData.cs
 0.1 kb	 0.0% Packages/com.unity.ugui/Runtime/UGUI/EventSystem/EventData/AxisEventData.cs
 0.1 kb	 0.0% Packages/com.unity.ugui/Runtime/TMP/TMP_TextProcessingStack.cs
 0.1 kb	 0.0% Packages/com.unity.ugui/Runtime/TMP/TMP_FontFeaturesCommon.cs
 0.1 kb	 0.0% Packages/com.unity.localization/Runtime/Smart Format/Smart.cs
 0.1 kb	 0.0% Packages/com.unity.localization/Runtime/Settings/Extensions/IReset.cs
 0.1 kb	 0.0% Packages/com.unity.localization/Runtime/Metadata/Comment.cs
 0.1 kb	 0.0% Assets/_Project/Scripts/Runtime/PrototypePlayerInput.cs
 0.1 kb	 0.0% Packages/com.unity.ugui/Runtime/TMP/TMPro_EventManager.cs
 0.1 kb	 0.0% Packages/com.unity.ugui/Runtime/TMP/TMP_UpdateRegistery.cs
 0.1 kb	 0.0% Packages/com.unity.ugui/Runtime/TMP/TMP_UpdateManager.cs
 0.1 kb	 0.0% Packages/com.unity.ugui/Runtime/TMP/TMP_TextUtilities.cs
 0.1 kb	 0.0% Packages/com.unity.ugui/Runtime/TMP/TMP_TextProcessingCommon.cs
 0.1 kb	 0.0% Packages/com.unity.ugui/Runtime/TMP/TMP_SpriteCharacter.cs
 0.1 kb	 0.0% Packages/com.unity.ugui/Runtime/TMP/TMP_SpriteAnimator.cs
 0.1 kb	 0.0% Packages/com.unity.ugui/Runtime/TMP/TMP_SelectionCaret.cs
 0.1 kb	 0.0% Packages/com.unity.ugui/Runtime/TMP/TMP_ResourcesManager.cs
 0.1 kb	 0.0% Packages/com.unity.ugui/Runtime/TMP/TMP_MaterialManager.cs
 0.1 kb	 0.0% Packages/com.unity.ugui/Runtime/TMP/TMP_InputValidator.cs
 0.1 kb	 0.0% Packages/com.unity.ugui/Runtime/TMP/TMP_FontFeatureTable.cs
 0.1 kb	 0.0% Packages/com.unity.ugui/Runtime/TMP/TMP_DefaultControls.cs
 0.1 kb	 0.0% Packages/com.unity.ugui/Runtime/TMP/TMP_Compatibility.cs
 0.1 kb	 0.0% Packages/com.unity.ugui/Runtime/TMP/TMP_ColorGradient.cs
 0.1 kb	 0.0% Packages/com.unity.ugui/Runtime/TMP/TMP_CharacterInfo.cs
 0.1 kb	 0.0% Packages/com.unity.ugui/Runtime/TMP/ITextPreProcessor.cs
 0.1 kb	 0.0% Packages/com.unity.ugui/Runtime/TMP/FontFeatureCommonGPOS.cs
 0.1 kb	 0.0% Packages/com.unity.ugui/Runtime/InternalBridge/TMPHelpURL.cs
 0.1 kb	 0.0% Packages/com.unity.profiling.core/Runtime/ProfilerUtility.cs
 0.1 kb	 0.0% Packages/com.unity.localization/Runtime/Utilities/AssetAddress.cs
 0.1 kb	 0.0% Packages/com.unity.localization/Runtime/Pseudo/Methods/Mirror.cs
 0.1 kb	 0.0% Packages/com.unity.localization/Runtime/Pseudo/Methods/Expander.cs
 0.1 kb	 0.0% Packages/com.unity.localization/Runtime/Pseudo/Methods/Accenter.cs
 0.1 kb	 0.0% Packages/com.unity.localization/Runtime/Pseudo/Message.cs
 0.1 kb	 0.0% Packages/com.unity.addressables/Runtime/Initialization/PackedPlayModeBuildLogs.cs
 0.1 kb	 0.0% Assets/_Project/Scripts/Runtime/KimSurvivalPrototype.cs
 0.1 kb	 0.0% Packages/com.unity.ugui/Runtime/UGUI/UI/Core/VertexModifiers/PositionAsUV1.cs
 0.1 kb	 0.0% Packages/com.unity.ugui/Runtime/UGUI/UI/Core/VertexModifiers/IMeshModifier.cs
 0.1 kb	 0.0% Packages/com.unity.ugui/Runtime/UGUI/UI/Core/VertexModifiers/BaseMeshEffect.cs
 0.1 kb	 0.0% Packages/com.unity.ugui/Runtime/UGUI/UI/Core/StencilMaterial.cs
 0.1 kb	 0.0% Packages/com.unity.ugui/Runtime/UGUI/UI/Core/MaskableGraphic.cs
 0.1 kb	 0.0% Packages/com.unity.ugui/Runtime/UGUI/UI/Core/MaskUtilities.cs
 0.1 kb	 0.0% Packages/com.unity.ugui/Runtime/UGUI/UI/Core/Layout/LayoutUtility.cs
 0.1 kb	 0.0% Packages/com.unity.ugui/Runtime/UGUI/UI/Core/Layout/LayoutRebuilder.cs
 0.1 kb	 0.0% Packages/com.unity.ugui/Runtime/UGUI/UI/Core/Layout/LayoutElement.cs
 0.1 kb	 0.0% Packages/com.unity.ugui/Runtime/UGUI/UI/Core/Layout/ILayoutElement.cs
 0.1 kb	 0.0% Packages/com.unity.ugui/Runtime/UGUI/UI/Core/Layout/GridLayoutGroup.cs
 0.1 kb	 0.0% Packages/com.unity.ugui/Runtime/UGUI/UI/Core/GraphicRegistry.cs
 0.1 kb	 0.0% Packages/com.unity.ugui/Runtime/UGUI/UI/Core/GraphicRaycaster.cs
 0.1 kb	 0.0% Packages/com.unity.ugui/Runtime/UGUI/UI/Core/DefaultControls.cs
 0.1 kb	 0.0% Packages/com.unity.ugui/Runtime/UGUI/UI/Core/Culling/ClipperRegistry.cs
 0.1 kb	 0.0% Packages/com.unity.ugui/Runtime/UGUI/EventSystem/UIBehaviour.cs
 0.1 kb	 0.0% Packages/com.unity.ugui/Runtime/UGUI/EventSystem/InputModules/BaseInput.cs
 0.1 kb	 0.0% Packages/com.unity.ugui/Runtime/UGUI/EventSystem/EventTrigger.cs
 0.1 kb	 0.0% Packages/com.unity.ugui/Runtime/UGUI/EventSystem/EventSystem.cs
 0.1 kb	 0.0% Packages/com.unity.ugui/Runtime/TMP/TMPro_MeshUtilities.cs
 0.1 kb	 0.0% Packages/com.unity.ugui/Runtime/TMP/TMP_ShaderUtilities.cs
 0.1 kb	 0.0% Packages/com.unity.ugui/Runtime/TMP/TMP_RichTextTagsCommon.cs
 0.1 kb	 0.0% Packages/com.unity.ugui/Runtime/TMP/TMP_FontAssetCommon.cs
 0.1 kb	 0.0% Packages/com.unity.ugui/Runtime/TMP/TextMeshProUGUI.cs
 0.1 kb	 0.0% Packages/com.unity.ugui/Runtime/TMP/TextContainer.cs
 0.1 kb	 0.0% Packages/com.unity.ugui/Runtime/TMP/TMP_TextElement.cs
 0.1 kb	 0.0% Packages/com.unity.ugui/Runtime/TMP/TMP_SubMeshUI.cs
 0.1 kb	 0.0% Packages/com.unity.ugui/Runtime/TMP/TMP_StyleSheet.cs
 0.1 kb	 0.0% Packages/com.unity.ugui/Runtime/TMP/TMP_SpriteGlyph.cs
 0.1 kb	 0.0% Packages/com.unity.ugui/Runtime/TMP/TMP_SpriteAsset.cs
 0.1 kb	 0.0% Packages/com.unity.ugui/Runtime/TMP/TMP_InputField.cs
 0.1 kb	 0.0% Packages/com.unity.ugui/Runtime/TMP/TMP_FontAsset.cs
 0.1 kb	 0.0% Packages/com.unity.ugui/Runtime/TMP/TMP_CoroutineTween.cs
 0.1 kb	 0.0% Packages/com.unity.ugui/Runtime/TMP/TMP_Character.cs
 0.1 kb	 0.0% Packages/com.unity.localization/Runtime/Locale.cs
 0.1 kb	 0.0% Assets/_Project/Scripts/Runtime/PrototypeCampUse.cs
 0.1 kb	 0.0% Packages/com.unity.ugui/Runtime/UGUI/UI/Core/Utility/VertexHelper.cs
 0.1 kb	 0.0% Packages/com.unity.ugui/Runtime/UGUI/UI/Core/ToggleGroup.cs
 0.1 kb	 0.0% Packages/com.unity.ugui/Runtime/UGUI/UI/Core/SpriteState.cs
 0.1 kb	 0.0% Packages/com.unity.ugui/Runtime/UGUI/UI/Core/Selectable.cs
 0.1 kb	 0.0% Packages/com.unity.ugui/Runtime/UGUI/UI/Core/Scrollbar.cs
 0.1 kb	 0.0% Packages/com.unity.ugui/Runtime/UGUI/UI/Core/ScrollRect.cs
 0.1 kb	 0.0% Packages/com.unity.ugui/Runtime/UGUI/UI/Core/RectMask2D.cs
 0.1 kb	 0.0% Packages/com.unity.ugui/Runtime/UGUI/UI/Core/Navigation.cs
 0.1 kb	 0.0% Packages/com.unity.ugui/Runtime/UGUI/UI/Core/Layout/LayoutGroup.cs
 0.1 kb	 0.0% Packages/com.unity.ugui/Runtime/UGUI/UI/Core/Layout/CanvasScaler.cs
 0.1 kb	 0.0% Packages/com.unity.ugui/Runtime/UGUI/UI/Core/InputField.cs
 0.1 kb	 0.0% Packages/com.unity.ugui/Runtime/UGUI/UI/Core/IMaskable.cs
 0.1 kb	 0.0% Packages/com.unity.ugui/Runtime/UGUI/UI/Core/ColorBlock.cs
 0.1 kb	 0.0% Packages/com.unity.ugui/Runtime/UGUI/UI/Core/Culling/IClipRegion.cs
 0.1 kb	 0.0% Packages/com.unity.ugui/Runtime/TMP/TextMeshPro.cs
 0.1 kb	 0.0% Packages/com.unity.ugui/Runtime/TMP/TMP_TextInfo.cs
 0.1 kb	 0.0% Packages/com.unity.ugui/Runtime/TMP/TMP_SubMesh.cs
 0.1 kb	 0.0% Packages/com.unity.ugui/Runtime/TMP/TMP_Style.cs
 0.1 kb	 0.0% Packages/com.unity.ugui/Runtime/TMP/TMP_Sprite.cs
 0.1 kb	 0.0% Packages/com.unity.ugui/Runtime/TMP/TMP_Settings.cs
 0.1 kb	 0.0% Packages/com.unity.ugui/Runtime/TMP/TMP_MeshInfo.cs
 0.1 kb	 0.0% Packages/com.unity.ugui/Runtime/TMP/TMP_LineInfo.cs
 0.1 kb	 0.0% Packages/com.unity.ugui/Runtime/TMP/TMP_Dropdown.cs
 0.1 kb	 0.0% Packages/com.unity.ugui/Runtime/TMP/TMP_Asset.cs
 0.1 kb	 0.0% Packages/com.unity.ugui/Runtime/TMP/FastAction.cs
 0.1 kb	 0.0% Assets/_Project/Scripts/Runtime/GameSession.cs
 0.1 kb	 0.0% Packages/com.unity.ugui/Runtime/UGUI/UI/Core/VertexModifiers/Shadow.cs
 0.1 kb	 0.0% Packages/com.unity.ugui/Runtime/UGUI/UI/Core/VertexModifiers/Outline.cs
 0.1 kb	 0.0% Packages/com.unity.ugui/Runtime/UGUI/UI/Core/Toggle.cs
 0.1 kb	 0.0% Packages/com.unity.ugui/Runtime/UGUI/UI/Core/Slider.cs
 0.1 kb	 0.0% Packages/com.unity.ugui/Runtime/UGUI/UI/Core/RawImage.cs
 0.1 kb	 0.0% Packages/com.unity.ugui/Runtime/UGUI/UI/Core/Image.cs
 0.1 kb	 0.0% Packages/com.unity.ugui/Runtime/UGUI/UI/Core/IMask.cs
 0.1 kb	 0.0% Packages/com.unity.ugui/Runtime/UGUI/UI/Core/Graphic.cs
 0.1 kb	 0.0% Packages/com.unity.ugui/Runtime/UGUI/UI/Core/FontData.cs
 0.1 kb	 0.0% Packages/com.unity.ugui/Runtime/UGUI/UI/Core/Dropdown.cs
 0.1 kb	 0.0% Packages/com.unity.ugui/Runtime/UGUI/UI/Core/Culling/Clipping.cs
 0.1 kb	 0.0% Packages/com.unity.ugui/Runtime/UGUI/UI/Core/Button.cs
 0.1 kb	 0.0% Packages/com.unity.ugui/Runtime/TMP/TMP_Text.cs
 0.1 kb	 0.0% Packages/com.unity.ugui/Runtime/UGUI/UI/Core/Text.cs
 0.1 kb	 0.0% Packages/com.unity.ugui/Runtime/UGUI/UI/Core/Misc.cs
 0.1 kb	 0.0% Packages/com.unity.ugui/Runtime/UGUI/UI/Core/Mask.cs
-------------------------------------------------------------------------------
Unloading 0 Unused Serialized files (Serialized files now loaded: 0)
Unloading 39 unused Assets / (57.3 KB). Loaded Objects now: 2674.
Memory consumption went from 144.1 MB to 144.0 MB.
Total: 4.825800 ms (FindLiveObjects: 0.102900 ms CreateObjectMapping: 0.033200 ms MarkObjects: 4.603900 ms  DeleteObjects: 0.084700 ms)

DisplayProgressNotification: Build Successful
Build Finished, Result: Success.
##utp:{"type":"PlayerBuildInfo","version":2,"phase":"Immediate","time":1787481659433,"processId":42280,"steps":[{"description":"Preprocess Player","duration":13},{"description":"Prepare For Build","duration":3},{"description":"ProducePlayerScriptAssemblies","duration":3116},{"description":"Verify Build setup","duration":53},{"description":"Prepare assets for target platform","duration":1},{"description":"Prepare splash screen","duration":0},{"description":"Build scripts DLLs","duration":17},{"description":"Building scenes","duration":95},{"description":"Build GlobalGameManagers file","duration":95},{"description":"Writing asset files","duration":102},{"description":"Building Resources/unity_builtin_extra","duration":309},{"description":"Write data build dirty tracking information","duration":20},{"description":"Postprocess built player","duration":3972}],"duration":7796}
Unloading 0 Unused Serialized files (Serialized files now loaded: 0)
Loaded scene 'Temp/__Backupscenes/0.backup'
	Deserialize:            0.398 ms
	Integration:            4.005 ms
	Integration of assets:  0.001 ms
	Thread Wait Time:       0.012 ms
	Total Operation Time:   4.417 ms
Unloading 0 unused Assets / (0 B). Loaded Objects now: 2667.
Memory consumption went from 144.0 MB to 144.0 MB.
Total: 6.260200 ms (FindLiveObjects: 0.101000 ms CreateObjectMapping: 0.041900 ms MarkObjects: 6.110000 ms  DeleteObjects: 0.006400 ms)

[Kim Survival] Windows build succeeded: Builds/Windows/KimSurvivalIsland.exe
UnityEngine.Debug:ExtractStackTraceNoAlloc (byte*,int,string)
UnityEngine.StackTraceUtility:ExtractStackTrace ()
UnityEngine.DebugLogHandler:Internal_Log (UnityEngine.LogType,UnityEngine.LogOption,string,UnityEngine.Object)
UnityEngine.DebugLogHandler:LogFormat (UnityEngine.LogType,UnityEngine.Object,string,object[])
UnityEngine.Logger:Log (UnityEngine.LogType,object)
UnityEngine.Debug:Log (object)
KimSurvival.EditorTools.PrototypeProjectBuilder:BuildWindows () (at Assets/_Project/Scripts/Editor/PrototypeProjectBuilder.cs:947)

(Filename: Assets/_Project/Scripts/Editor/PrototypeProjectBuilder.cs Line: 947)

Batchmode quit successfully invoked - shutting down!
Killing ADB server in 2.04865 seconds.
[Physics::Module] Cleanup current backend.
[Physics::Module] Id: 0xf2b8ea05
Input System module state changed to: ShutdownInProgress.
Input Polling Thread exited.
Input System module state changed to: Shutdown.
[Licensing::IpcConnector] LicenseClient-dev-notifications channel disconnected successfully.
[Licensing::IpcConnector] LicenseClient-dev channel disconnected successfully.
AcceleratorClientConnectionCallback - disconnected - :0
Cleanup mono
CodeReloadManager destroyed
Exiting batchmode successfully now!
Exiting without the bug reporter. Application will terminate with return code 0